"condition","compound","replicate","slope","R2","p_value","slope_reverse"
"WT","Ala",1,0.00504833142999034,0.00100771476919501,0.95958840680546,-0.00504833142999034
"WT","Ala",2,0.0482993607587475,0.148145980440127,0.522317924998905,-0.0482993607587475
"WT","Ala",3,0.0298616480815235,0.0558961546332603,0.701804368736224,-0.0298616480815235
"WT","Asn",1,-0.0291447451605835,0.984565050763419,0.000817654334483703,0.0291447451605835
"WT","Asn",2,-0.0333714002301317,0.991905845262058,0.000309816111891452,0.0333714002301317
"WT","Asn",3,-0.0349989279275949,0.998454022236341,2.58104318790064e-05,0.0349989279275949
"WT","Asn",4,-0.0445957800443267,0.987490908572412,0.00059602602344489,0.0445957800443267
"WT","Asp",1,-0.0296680794092319,0.973054560001954,0.00189262472513537,0.0296680794092319
"WT","Asp",2,-0.0288272103113634,0.909004723571097,0.0119842674187701,0.0288272103113634
"WT","Asp",3,-0.0274469515897917,0.979274080528611,0.00127432957140206,0.0274469515897917
"WT","Asp",4,-0.0288887109056658,0.997320364379826,5.89185382897408e-05,0.0288887109056658
"WT","Gln",3,-2.024013378863,0.936405194498013,0.00694093228801389,2.024013378863
"WT","Gln",4,-3.05777455009821,0.991936901859485,0.000308031827531102,3.05777455009821
"WT","Glu",1,-0.0555633175567924,0.98491889881508,0.000789614043596663,0.0555633175567924
"WT","Glu",2,-0.0678601550615144,0.948788830753597,0.00499624626870669,0.0678601550615144
"WT","Glu",3,-0.0530848378629476,0.967789678039311,0.0024776000109803,0.0530848378629476
"WT","Glu",4,-0.0686737274586187,0.972741807570501,0.00192585590429378,0.0686737274586187
"WT","Gly",2,-0.0428452552568237,0.472472256830755,0.199706466425346,0.0428452552568237
"WT","Met",1,-0.123953988658524,0.93495120982678,0.0071836233718177,0.123953988658524
"WT","Met",2,-0.114385250830708,0.993730939157717,0.000211062636395048,0.114385250830708
"WT","Met",3,-0.106747913177513,0.891719939863134,0.0156439716999429,0.106747913177513
"WT","Phe",1,-0.111645284649161,0.969521505659388,0.00227927967413302,0.111645284649161
"WT","Phe",3,-0.101114385213559,0.977648281677621,0.00142788368908448,0.101114385213559
"WT","Phe",4,-0.165407417082309,0.961310123284576,0.00326815484300598,0.165407417082309
"WT","Pro",1,-0.078824228305374,0.959898394540504,0.00345015780670659,0.078824228305374
"WT","Pro",2,-0.0623133047336593,0.90787348393705,0.0122129016810931,0.0623133047336593
"WT","Pro",3,-0.0797220101281747,0.951116111620491,0.00465618229012254,0.0797220101281747
"WT","Ser",1,-0.136956956766627,0.970174525486638,0.00220597855318619,0.136956956766627
"WT","Ser",3,-0.113181616882297,0.951855389515923,0.00454990990623544,0.113181616882297
"WT","Ser",4,-0.19958412271074,0.985029964252766,0.000780881077114721,0.19958412271074
"WT","Trp",1,-0.0215222138884933,0.964835644359272,0.00282870567464596,0.0215222138884933
"WT","Trp",2,-0.0157205167461834,0.98300750312831,0.000944937831526222,0.0157205167461834
"WT","Trp",3,-0.0163771345614083,0.960874104651444,0.00332400455828197,0.0163771345614083
"WT","Trp",4,-0.028064804269011,0.976515919588212,0.00153828565583028,0.028064804269011
"WT","Tyr",1,-0.11476214062302,0.972932354970533,0.0019055860279312,0.11476214062302
"WT","Tyr",3,-0.0950868240398016,0.993251904561382,0.000235744833420986,0.0950868240398016
"WT","Val",1,-0.238882467575316,0.991490216000493,0.000334025060504723,0.238882467575316
"WT","Val",4,-0.409683677829408,0.964946537179801,0.00281523922748549,0.409683677829408
"WT","glucose",1,-6.99186761951576,0.996584249033674,8.48132652811916e-05,6.99186761951576
"WT","glucose",3,-7.40567415580883,0.89964627205753,0.013921970116275,7.40567415580883
"WT","glucose",4,-7.10657459702093,0.884389654876241,0.0173007723540452,7.10657459702093
"WT","lactate",1,2.79469495510083,0.922517478608059,0.00937572985359908,2.79469495510083
"WT","lactate",2,3.14893425633636,0.747155947844577,0.058718188403688,3.14893425633636
"WT","lactate",3,2.5338179473408,0.926520258970014,0.00864762688491004,2.5338179473408
"WT","lactate",4,2.8904703738251,0.777332583967267,0.047989091069377,2.8904703738251
"2E2","Ala",1,-0.0357234959905069,0.0446887479050766,0.732859199222068,0.0357234959905069
"2E2","Ala",2,0.0073106234552964,0.00218794398088777,0.940465355013092,-0.0073106234552964
"2E2","Ala",3,0.0489901293125422,0.152367280688575,0.609657482858228,-0.0489901293125422
"2E2","Asn",1,-0.0292370442709488,0.969522300181967,0.00227918999291913,0.0292370442709488
"2E2","Asn",2,-0.0337414794276157,0.848638106558483,0.0262297723193928,0.0337414794276157
"2E2","Asn",3,-0.0355039534087538,0.862318609166529,0.0713888816266901,0.0355039534087538
"2E2","Asn",4,-0.0427499770743286,0.944390838665893,0.00566127235237072,0.0427499770743286
"2E2","Asp",1,-0.0408521123053242,0.99387206530479,0.000203967206843591,0.0408521123053242
"2E2","Asp",2,-0.0373351848047106,0.935902680999143,0.00702447739927613,0.0373351848047106
"2E2","Asp",3,-0.0344617416991633,0.934148574312677,0.0334863817241493,0.0344617416991633
"2E2","Asp",4,-0.0383620903705041,0.953856163866505,0.00426659357551077,0.0383620903705041
"2E2","Gln",3,-1.35994217274616,0.997560782073998,0.00122035359444886,1.35994217274616
"2E2","Gln",4,-2.96262085539464,0.94169289402554,0.0060833736928781,2.96262085539464
"2E2","Glu",1,-0.0721718892704018,0.938190568164803,0.00664695863437608,0.0721718892704018
"2E2","Glu",2,-0.0668459051729565,0.955296320275027,0.0040665972944332,0.0668459051729565
"2E2","Glu",3,-0.0631308534653701,0.982877627138645,0.00859815052691931,0.0631308534653701
"2E2","Glu",4,-0.0782513549330344,0.98041020817008,0.00117059163764463,0.0782513549330344
"2E2","Gly",2,-0.0624986076191557,0.648841447722346,0.0999069457135625,0.0624986076191557
"2E2","Met",1,-0.10473724379743,0.951652003201342,0.0045790621183307,0.10473724379743
"2E2","Met",2,-0.115815604959301,0.902097546153178,0.0134043194346911,0.115815604959301
"2E2","Met",3,-0.130943588207182,0.893277879625997,0.0548662107267581,0.130943588207182
"2E2","Phe",1,-0.103946406053562,0.898778433935119,0.014106935782126,0.103946406053562
"2E2","Phe",3,-0.105514385203764,0.851768030878048,0.0770872029936698,0.105514385203764
"2E2","Phe",4,-0.17378576698617,0.93472105315697,0.00722230807997195,0.17378576698617
"2E2","Pro",1,-0.0684737854744332,0.841746950541599,0.0281072965929422,0.0684737854744332
"2E2","Pro",2,-0.0750281171877995,0.9871206976789,0.000622750077383798,0.0750281171877995
"2E2","Pro",3,-0.0792696142687123,0.874735699566701,0.0647269385004715,0.0792696142687123
"2E2","Ser",1,-0.0997808450813662,0.839289327556894,0.0287888139713549,0.0997808450813662
"2E2","Ser",3,-0.124491027379806,0.905378200834588,0.0484863632955182,0.124491027379806
"2E2","Ser",4,-0.249091493186525,0.958809791584039,0.00359280578554123,0.249091493186525
"2E2","Trp",1,-0.0189026726104647,0.947364464687321,0.00520845261981266,0.0189026726104647
"2E2","Trp",2,-0.0181039960115177,0.843266129827921,0.0276891451929176,0.0181039960115177
"2E2","Trp",3,-0.0176952576708803,0.908422938547237,0.0468877618311487,0.0176952576708803
"2E2","Trp",4,-0.0262759079209587,0.876180218336559,0.0192280395364542,0.0262759079209587
"2E2","Tyr",1,-0.116979158281708,0.948645605411145,0.00501744536550522,0.116979158281708
"2E2","Tyr",3,-0.0904838976357041,0.776769888165105,0.118654501251011,0.0904838976357041
"2E2","Val",1,-0.256428101025529,0.898579102431669,0.0141495450470854,0.256428101025529
"2E2","Val",4,-0.379512277145306,0.944314801723604,0.00567302292952596,0.379512277145306
"2E2","glucose",1,-4.54081231467817,0.875714700179833,0.0193395666619539,4.54081231467817
"2E2","glucose",3,-6.57801463589388,0.987524842636482,0.000593596260905379,6.57801463589388
"2E2","glucose",4,-6.35471319537501,0.90849940436712,0.0120862050739206,6.35471319537501
"2E2","lactate",1,0.53747251011916,0.491784410158188,0.186963528260445,0.53747251011916
"2E2","lactate",2,-0.00171008008918943,7.12193454979287e-05,0.98925506104153,-0.00171008008918943
"2E2","lactate",3,0.18878166721371,0.130722420366388,0.549889253548174,0.18878166721371
"2E2","lactate",4,0.206319730609382,0.262092947821407,0.377878351459741,0.206319730609382
