"","replicate","compound","condition","timepoint","concentration_sample_uM","concentration_sample_mM","time_points","rep1","rep2","rep3","rep4","cells","volume_corr","mmol_cell","mmol_gDW","keep_manual_inspection"
"1",1,"Ala","WT",36,324.784,0.324784,12,5222866.14,3551167.807,3449043.25,4074330.628,2404163,0.00324784,1.35092337749146e-09,5.11713400564947,"y"
"2",1,"Ala","2E2",36,410.008,0.410008,12,4547464.778,2201203.122,3293634.791,2705205.276,2404163,0.00410008,1.70540849351729e-09,6.45988065726245,"y"
"3",1,"Ala","WT",39,403.3936,0.4033936,15,5746618.025,5939719.721,5791547.495,6217792.647,2621758,0.004033936,1.53863781477924e-09,5.82817354083047,"y"
"4",1,"Ala","2E2",39,393.472,0.393472,15,5721506.052,4081785.521,4797377.8,4153604.64,2621758,0.00393472,1.50079450506111e-09,5.68482767068601,"y"
"5",1,"Ala","WT",42,526.9472,0.5269472,18,7819230.487,5987923.764,7564220.303,7705037.119,2859048,0.005269472,1.84308623010177e-09,6.98138723523397,"y"
"6",1,"Ala","2E2",42,341.0656,0.3410656,18,7190955.841,4986082.576,5174280.881,5102004.744,2859048,0.003410656,1.19293415150777e-09,4.51868996783248,"y"
"7",1,"Ala","WT",45,484.632,0.484632,21,8509244.733,7450580.665,8799230.115,8958767.472,3117814,0.00484632,1.55439676645239e-09,5.8878665395924,"y"
"8",1,"Ala","2E2",45,531.6112,0.5316112,21,7466849.872,5389233.029,6089684.621,5669192.497,3117814,0.005316112,1.70507669796851e-09,6.45862385594134,"y"
"9",1,"Ala","WT",48,463.432,0.463432,24,9664763.795,7535145.677,11657920.66,11265308.57,3400000,0.00463432,1.36303529411765e-09,5.16301247771836,"y"
"10",1,"Ala","2E2",48,497.0128,0.4970128,24,7975440.379,5336415.658,8389830.125,7063534.228,3400000,0.004970128,1.46180235294118e-09,5.53713012477718,"y"
"21",1,"Asn","WT",36,50.09984,0.05009984,12,5222866.14,3551167.807,3449043.25,4074330.628,2404163,0.0005009984,2.08387867211999e-10,0.789347981863631,"y"
"22",1,"Asn","2E2",36,57.38628,0.05738628,12,4547464.778,2201203.122,3293634.791,2705205.276,2404163,0.0005738628,2.38695462828436e-10,0.904149480410741,"y"
"23",1,"Asn","WT",39,50.41148,0.05041148,15,5746618.025,5939719.721,5791547.495,6217792.647,2621758,0.0005041148,1.92281209783664e-10,0.728337915847213,"y"
"24",1,"Asn","2E2",39,59.38226,0.05938226,15,5721506.052,4081785.521,4797377.8,4153604.64,2621758,0.0005938226,2.26497868987145e-10,0.857946473436156,"y"
"25",1,"Asn","WT",42,46.4863,0.0464863,18,7819230.487,5987923.764,7564220.303,7705037.119,2859048,0.000464863,1.62593632565805e-10,0.615884971840171,"y"
"26",1,"Asn","2E2",42,54.4999,0.0544999,18,7190955.841,4986082.576,5174280.881,5102004.744,2859048,0.000544999,1.90622542888402e-10,0.722055086698492,"y"
"27",1,"Asn","WT",45,46.18208,0.04618208,21,8509244.733,7450580.665,8799230.115,8958767.472,3117814,0.0004618208,1.48123268418193e-10,0.561072986432549,"y"
"28",1,"Asn","2E2",45,51.4206,0.0514206,21,7466849.872,5389233.029,6089684.621,5669192.497,3117814,0.000514206,1.64925168723984e-10,0.62471654819691,"y"
"29",1,"Asn","WT",48,39.11824,0.03911824,24,9664763.795,7535145.677,11657920.66,11265308.57,3400000,0.0003911824,1.15053647058824e-10,0.43580926916221,"y"
"30",1,"Asn","2E2",48,52.25906,0.05225906,24,7975440.379,5336415.658,8389830.125,7063534.228,3400000,0.0005225906,1.53703117647059e-10,0.582208778966132,"y"
"31",1,"Asp","WT",36,32.83608,0.03283608,12,5222866.14,3551167.807,3449043.25,4074330.628,2404163,0.0003283608,1.36580090451438e-10,0.517348827467567,"y"
"32",1,"Asp","2E2",36,43.16856,0.04316856,12,4547464.778,2201203.122,3293634.791,2705205.276,2404163,0.0004316856,1.79557542479441e-10,0.680142206361518,"y"
"33",1,"Asp","WT",39,25.63944,0.02563944,15,5746618.025,5939719.721,5791547.495,6217792.647,2621758,0.0002563944,9.77948384252093e-11,0.370434994034884,"y"
"34",1,"Asp","2E2",39,36.84048,0.03684048,15,5721506.052,4081785.521,4797377.8,4153604.64,2621758,0.0003684048,1.40518232422672e-10,0.532266031904061,"y"
"35",1,"Asp","WT",42,22.07496,0.02207496,18,7819230.487,5987923.764,7564220.303,7705037.119,2859048,0.0002207496,7.72108757880245e-11,0.292465438591002,"y"
"36",1,"Asp","2E2",42,33.558,0.033558,18,7190955.841,4986082.576,5174280.881,5102004.744,2859048,0.00033558,1.17374734527017e-10,0.444601267147793,"y"
"37",1,"Asp","WT",45,18.29616,0.01829616,21,8509244.733,7450580.665,8799230.115,8958767.472,3117814,0.0001829616,5.86826539363798e-11,0.222282780062045,"y"
"38",1,"Asp","2E2",45,23.86848,0.02386848,21,7466849.872,5389233.029,6089684.621,5669192.497,3117814,0.0002386848,7.65551761586804e-11,0.289981727873789,"y"
"39",1,"Asp","WT",48,13.1412,0.0131412,24,9664763.795,7535145.677,11657920.66,11265308.57,3400000,0.000131412,3.86505882352941e-11,0.146403743315508,"y"
"40",1,"Asp","2E2",48,16.92,0.01692,24,7975440.379,5336415.658,8389830.125,7063534.228,3400000,0.0001692,4.97647058823529e-11,0.188502673796791,"y"
"61",1,"Glu","WT",36,80.55958,0.08055958,12,5222866.14,3551167.807,3449043.25,4074330.628,2404163,0.0008055958,3.35083686089504e-10,1.26925638670267,"y"
"62",1,"Glu","2E2",36,86.53128,0.08653128,12,4547464.778,2201203.122,3293634.791,2705205.276,2404163,0.0008653128,3.59922684110853e-10,1.3633435004199,"y"
"63",1,"Glu","WT",39,80.16446,0.08016446,15,5746618.025,5939719.721,5791547.495,6217792.647,2621758,0.0008016446,3.05766054685444e-10,1.15820475259638,"y"
"64",1,"Glu","2E2",39,72.05552,0.07205552,15,5721506.052,4081785.521,4797377.8,4153604.64,2621758,0.0007205552,2.74836655404503e-10,1.04104793713827,"y"
"65",1,"Glu","WT",42,76.47368,0.07647368,18,7819230.487,5987923.764,7564220.303,7705037.119,2859048,0.0007647368,2.67479524652961e-10,1.01318001762485,"y"
"66",1,"Glu","2E2",42,56.99606,0.05699606,18,7190955.841,4986082.576,5174280.881,5102004.744,2859048,0.0005699606,1.99353281232074e-10,0.755126065273009,"y"
"67",1,"Glu","WT",45,64.00944,0.06400944,21,8509244.733,7450580.665,8799230.115,8958767.472,3117814,0.0006400944,2.05302304755832e-10,0.777660245287243,"y"
"68",1,"Glu","2E2",45,46.59722,0.04659722,21,7466849.872,5389233.029,6089684.621,5669192.497,3117814,0.0004659722,1.49454778251685e-10,0.566116584286687,"y"
"69",1,"Glu","WT",48,56.19684,0.05619684,24,9664763.795,7535145.677,11657920.66,11265308.57,3400000,0.0005619684,1.65284823529412e-10,0.626078877005348,"y"
"70",1,"Glu","2E2",48,46.5164,0.0465164,24,7975440.379,5336415.658,8389830.125,7063534.228,3400000,0.000465164,1.36812941176471e-10,0.518230837789661,"y"
"71",1,"glucose","WT",36,13144.1639468017,13.1441639468017,12,5222866.14,3551167.807,3449043.25,4074330.628,2404163,0.131441639468017,5.46725157437398e-08,207.092862665681,"y"
"72",1,"glucose","2E2",45,14243.2114389751,14.2432114389751,21,7466849.872,5389233.029,6089684.621,5669192.497,3117814,0.142432114389751,4.56833263272764e-08,173.042902754835,"y"
"73",1,"glucose","2E2",36,13338.4400186505,13.3384400186505,12,4547464.778,2201203.122,3293634.791,2705205.276,2404163,0.133384400186505,5.54805976909656e-08,210.153779132446,"y"
"74",1,"glucose","WT",48,10918.3152379049,10.9183152379049,24,9664763.795,7535145.677,11657920.66,11265308.57,3400000,0.109183152379049,3.2112691876191e-08,121.638984379511,"y"
"75",1,"glucose","WT",39,12822.2207420236,12.8222207420236,15,5746618.025,5939719.721,5791547.495,6217792.647,2621758,0.128222207420236,4.89069576292838e-08,185.253627383651,"y"
"76",1,"glucose","2E2",48,14676.1695419525,14.6761695419525,24,7975440.379,5336415.658,8389830.125,7063534.228,3400000,0.146761695419525,4.31652045351545e-08,163.504562633161,"y"
"77",1,"glucose","2E2",39,14948.1560425409,14.9481560425409,15,5721506.052,4081785.521,4797377.8,4153604.64,2621758,0.149481560425409,5.70157735479053e-08,215.968839196611,"y"
"78",1,"glucose","WT",42,12239.3925264771,12.2393925264771,18,7819230.487,5987923.764,7564220.303,7705037.119,2859048,0.122393925264771,4.2809328582371e-08,162.156547660496,"y"
"79",1,"glucose","2E2",42,14992.5620018206,14.9925620018206,18,7190955.841,4986082.576,5174280.881,5102004.744,2859048,0.149925620018206,5.24390006807183e-08,198.632578336054,"y"
"80",1,"glucose","WT",45,12050.6671995382,12.0506671995382,21,8509244.733,7450580.665,8799230.115,8958767.472,3117814,0.120506671995382,3.86510138178165e-08,146.405355370517,"y"
"101",1,"lactate","2E2",39,3963.14387211368,3.96314387211368,15,5721506.052,4081785.521,4797377.8,4153604.64,2621758,0.0396314387211368,1.51163603662645e-08,57.2589407813048,"y"
"102",1,"lactate","WT",42,9980.01776198934,9.98001776198934,18,7819230.487,5987923.764,7564220.303,7705037.119,2859048,0.0998001776198934,3.49067863218433e-08,132.222675461528,"y"
"103",1,"lactate","2E2",42,4484.90230905862,4.48490230905862,18,7190955.841,4986082.576,5174280.881,5102004.744,2859048,0.0448490230905862,1.56866981913512e-08,59.4193113308756,"y"
"104",1,"lactate","WT",45,12444.4937833037,12.4444937833037,21,8509244.733,7450580.665,8799230.115,8958767.472,3117814,0.124444937833037,3.99141635238784e-08,151.190013348024,"y"
"105",1,"lactate","WT",36,7737.56660746003,7.73756660746004,12,5222866.14,3551167.807,3449043.25,4074330.628,2404163,0.0773756660746003,3.21840349737519e-08,121.909223385424,"y"
"106",1,"lactate","2E2",45,4673.62344582593,4.67362344582593,21,7466849.872,5389233.029,6089684.621,5669192.497,3117814,0.0467362344582593,1.49900649808678e-08,56.7805491699537,"y"
"107",1,"lactate","2E2",36,3186.0568383659,3.1860568383659,12,4547464.778,2201203.122,3293634.791,2705205.276,2404163,0.031860568383659,1.32522496950743e-08,50.1979155116451,"y"
"108",1,"lactate","WT",48,13743.3392539964,13.7433392539964,24,9664763.795,7535145.677,11657920.66,11265308.57,3400000,0.137433392539964,4.0421586041166e-08,153.11206833775,"y"
"109",1,"lactate","WT",39,8980.90586145648,8.98090586145648,15,5746618.025,5939719.721,5791547.495,6217792.647,2621758,0.0898090586145648,3.4255281614308e-08,129.754854599651,"y"
"110",1,"lactate","2E2",48,5250.88809946714,5.25088809946714,24,7975440.379,5336415.658,8389830.125,7063534.228,3400000,0.0525088809946714,1.54437885278445e-08,58.4991989691081,"y"
"121",1,"Met","WT",36,258.804,0.258804,12,5222866.14,3551167.807,3449043.25,4074330.628,2404163,0.00258804,1.07648275096156e-09,4.0775861778847,"y"
"122",1,"Met","2E2",36,257.6664,0.2576664,12,4547464.778,2201203.122,3293634.791,2705205.276,2404163,0.002576664,1.07175095864964e-09,4.05966272215774,"y"
"123",1,"Met","WT",39,238.7064,0.2387064,15,5746618.025,5939719.721,5791547.495,6217792.647,2621758,0.002387064,9.10482203162916e-10,3.44879622410195,"y"
"124",1,"Met","2E2",39,273.3084,0.2733084,15,5721506.052,4081785.521,4797377.8,4153604.64,2621758,0.002733084,1.04246234778343e-09,3.94872101433119,"y"
"125",1,"Met","WT",42,261.0792,0.2610792,18,7819230.487,5987923.764,7564220.303,7705037.119,2859048,0.002610792,9.13168299377975e-10,3.45897083097718,"y"
"126",1,"Met","2E2",42,259.6572,0.2596572,18,7190955.841,4986082.576,5174280.881,5102004.744,2859048,0.002596572,9.08194615830164e-10,3.4401311205688,"y"
"127",1,"Met","WT",45,227.4252,0.2274252,21,8509244.733,7450580.665,8799230.115,8958767.472,3117814,0.002274252,7.29437997263467e-10,2.76302271690707,"y"
"128",1,"Met","2E2",45,273.7824,0.2737824,21,7466849.872,5389233.029,6089684.621,5669192.497,3117814,0.002737824,8.781229412659e-10,3.32622326237083,"y"
"129",1,"Met","WT",48,229.89,0.22989,24,9664763.795,7535145.677,11657920.66,11265308.57,3400000,0.0022989,6.76147058823529e-10,2.56116310160428,"y"
"130",1,"Met","2E2",48,251.3148,0.2513148,24,7975440.379,5336415.658,8389830.125,7063534.228,3400000,0.002513148,7.39161176470588e-10,2.79985294117647,"y"
"131",1,"Phe","WT",36,250.0032,0.2500032,12,5222866.14,3551167.807,3449043.25,4074330.628,2404163,0.002500032,1.0398762479915e-09,3.938925181786,"y"
"132",1,"Phe","2E2",36,251.952,0.251952,12,4547464.778,2201203.122,3293634.791,2705205.276,2404163,0.00251952,1.04798218756382e-09,3.96962949834781,"y"
"133",1,"Phe","WT",39,239.7952,0.2397952,15,5746618.025,5939719.721,5791547.495,6217792.647,2621758,0.002397952,9.14635141763656e-10,3.46452705213506,"y"
"134",1,"Phe","2E2",39,250.4672,0.2504672,15,5721506.052,4081785.521,4797377.8,4153604.64,2621758,0.002504672,9.55340653103757e-10,3.61871459508999,"y"
"135",1,"Phe","WT",42,253.6224,0.2536224,18,7819230.487,5987923.764,7564220.303,7705037.119,2859048,0.002536224,8.8708689046144e-10,3.36017761538424,"y"
"136",1,"Phe","2E2",42,223.3696,0.2233696,18,7190955.841,4986082.576,5174280.881,5102004.744,2859048,0.002233696,7.81272647398715e-10,2.95936608863149,"y"
"137",1,"Phe","WT",45,231.9072,0.2319072,21,8509244.733,7450580.665,8799230.115,8958767.472,3117814,0.002319072,7.43813453913543e-10,2.81747520421797,"y"
"138",1,"Phe","2E2",45,247.2192,0.2472192,21,7466849.872,5389233.029,6089684.621,5669192.497,3117814,0.002472192,7.92924786404834e-10,3.00350297880619,"y"
"139",1,"Phe","WT",48,232.2784,0.2322784,24,9664763.795,7535145.677,11657920.66,11265308.57,3400000,0.002322784,6.83171764705882e-10,2.58777183600713,"y"
"140",1,"Phe","2E2",48,243.9712,0.2439712,24,7975440.379,5336415.658,8389830.125,7063534.228,3400000,0.002439712,7.17562352941177e-10,2.71803921568627,"y"
"141",1,"Pro","WT",36,158.2644,0.1582644,12,5222866.14,3551167.807,3449043.25,4074330.628,2404163,0.001582644,6.5829313569837e-10,2.49353460491807,"y"
"142",1,"Pro","2E2",36,161.8056,0.1618056,12,4547464.778,2201203.122,3293634.791,2705205.276,2404163,0.001618056,6.73022586238953e-10,2.54932797817785,"y"
"143",1,"Pro","WT",39,142.2836,0.1422836,15,5746618.025,5939719.721,5791547.495,6217792.647,2621758,0.001422836,5.42703025984854e-10,2.05569328024566,"y"
"144",1,"Pro","2E2",39,154.4508,0.1544508,15,5721506.052,4081785.521,4797377.8,4153604.64,2621758,0.001544508,5.89111580855289e-10,2.23148326081549,"y"
"145",1,"Pro","WT",42,147.8224,0.1478224,18,7819230.487,5987923.764,7564220.303,7705037.119,2859048,0.001478224,5.17033641967536e-10,1.95846076502855,"y"
"146",1,"Pro","2E2",42,135.0196,0.1350196,18,7190955.841,4986082.576,5174280.881,5102004.744,2859048,0.001350196,4.72253701232018e-10,1.78883977739401,"y"
"147",1,"Pro","WT",45,143.918,0.143918,21,8509244.733,7450580.665,8799230.115,8958767.472,3117814,0.00143918,4.61599056261855e-10,1.74848127371915,"y"
"148",1,"Pro","2E2",45,154.9956,0.1549956,21,7466849.872,5389233.029,6089684.621,5669192.497,3117814,0.001549956,4.97129078258036e-10,1.88306469037135,"y"
"149",1,"Pro","WT",48,131.4784,0.1314784,24,9664763.795,7535145.677,11657920.66,11265308.57,3400000,0.001314784,3.86701176470588e-10,1.46477718360071,"y"
"150",1,"Pro","2E2",48,152.2716,0.1522716,24,7975440.379,5336415.658,8389830.125,7063534.228,3400000,0.001522716,4.47857647058824e-10,1.69643048128342,"y"
"151",1,"Ser","WT",36,233.024,0.233024,12,5222866.14,3551167.807,3449043.25,4074330.628,2404163,0.00233024,9.69252084821204e-10,3.67140941220153,"y"
"152",1,"Ser","2E2",36,249.568,0.249568,12,4547464.778,2201203.122,3293634.791,2705205.276,2404163,0.00249568,1.03806605458948e-09,3.9320683885965,"y"
"153",1,"Ser","WT",39,225.632,0.225632,15,5746618.025,5939719.721,5791547.495,6217792.647,2621758,0.00225632,8.60613374689807e-10,3.2598991465523,"y"
"154",1,"Ser","2E2",39,224.312,0.224312,15,5721506.052,4081785.521,4797377.8,4153604.64,2621758,0.00224312,8.55578585056287e-10,3.24082797369806,"y"
"155",1,"Ser","WT",42,215.6,0.2156,18,7819230.487,5987923.764,7564220.303,7705037.119,2859048,0.002156,7.54097168008372e-10,2.85642866669838,"y"
"156",1,"Ser","2E2",42,218.768,0.218768,18,7190955.841,4986082.576,5174280.881,5102004.744,2859048,0.00218768,7.65177779456658e-10,2.89840067976007,"y"
"157",1,"Ser","WT",45,183.656,0.183656,21,8509244.733,7450580.665,8799230.115,8958767.472,3117814,0.00183656,5.89053740858178e-10,2.23126416991734,"y"
"158",1,"Ser","2E2",45,249.656,0.249656,21,7466849.872,5389233.029,6089684.621,5669192.497,3117814,0.00249656,8.00740518837878e-10,3.03310802590105,"y"
"159",1,"Ser","WT",48,191.312,0.191312,24,9664763.795,7535145.677,11657920.66,11265308.57,3400000,0.00191312,5.62682352941177e-10,2.13137254901961,"y"
"160",1,"Ser","2E2",48,227.92,0.22792,24,7975440.379,5336415.658,8389830.125,7063534.228,3400000,0.0022792,6.70352941176471e-10,2.53921568627451,"y"
"171",1,"Trp","WT",36,41.52756,0.04152756,12,5222866.14,3551167.807,3449043.25,4074330.628,2404163,0.0004152756,1.72731882156077e-10,0.654287432409382,"y"
"172",1,"Trp","2E2",36,42.85086,0.04285086,12,4547464.778,2201203.122,3293634.791,2705205.276,2404163,0.0004285086,1.78236084658153e-10,0.675136684311187,"y"
"173",1,"Trp","WT",39,40.76566,0.04076566,15,5746618.025,5939719.721,5791547.495,6217792.647,2621758,0.0004076566,1.55489789675477e-10,0.588976476043474,"y"
"174",1,"Trp","2E2",39,42.00074,0.04200074,15,5721506.052,4081785.521,4797377.8,4153604.64,2621758,0.0004200074,1.60200674509242e-10,0.60682073677743,"y"
"175",1,"Trp","WT",42,41.59172,0.04159172,18,7819230.487,5987923.764,7564220.303,7705037.119,2859048,0.0004159172,1.45474017924848e-10,0.551037946685029,"y"
"176",1,"Trp","2E2",42,38.54412,0.03854412,18,7190955.841,4986082.576,5174280.881,5102004.744,2859048,0.0003854412,1.3481452567428e-10,0.510661082099547,"y"
"177",1,"Trp","WT",45,35.72108,0.03572108,21,8509244.733,7450580.665,8799230.115,8958767.472,3117814,0.0003572108,1.14570914108411e-10,0.433980735259131,"y"
"178",1,"Trp","2E2",45,40.501,0.040501,21,7466849.872,5389233.029,6089684.621,5669192.497,3117814,0.00040501,1.29901912044785e-10,0.492052697139338,"y"
"179",1,"Trp","WT",48,36.70754,0.03670754,24,9664763.795,7535145.677,11657920.66,11265308.57,3400000,0.0003670754,1.07963352941176e-10,0.408952094474153,"y"
"180",1,"Trp","2E2",48,40.3005,0.0403005,24,7975440.379,5336415.658,8389830.125,7063534.228,3400000,0.000403005,1.18530882352941e-10,0.448980614973262,"y"
"181",1,"Tyr","WT",36,256.4352,0.2564352,12,5222866.14,3551167.807,3449043.25,4074330.628,2404163,0.002564352,1.06662984165383e-09,4.04026455171906,"y"
"182",1,"Tyr","2E2",36,269.8866,0.2698866,12,4547464.778,2201203.122,3293634.791,2705205.276,2404163,0.002698866,1.12258029093701e-09,4.25219807173111,"y"
"183",1,"Tyr","WT",39,242.6976,0.2426976,15,5746618.025,5939719.721,5791547.495,6217792.647,2621758,0.002426976,9.25705576182088e-10,3.50646051584124,"y"
"184",1,"Tyr","2E2",39,259.5834,0.2595834,15,5721506.052,4081785.521,4797377.8,4153604.64,2621758,0.002595834,9.90111978298531e-10,3.75042416022171,"y"
"185",1,"Tyr","WT",42,252.2376,0.2522376,18,7819230.487,5987923.764,7564220.303,7705037.119,2859048,0.002522376,8.82243320154121e-10,3.34183075815955,"y"
"186",1,"Tyr","2E2",42,248.04,0.24804,18,7190955.841,4986082.576,5174280.881,5102004.744,2859048,0.0024804,8.67561509985142e-10,3.28621784085281,"y"
"187",1,"Tyr","WT",45,234.684,0.234684,21,8509244.733,7450580.665,8799230.115,8958767.472,3117814,0.00234684,7.52719693990726e-10,2.85121096208608,"y"
"188",1,"Tyr","2E2",45,246.0366,0.2460366,21,7466849.872,5389233.029,6089684.621,5669192.497,3117814,0.002460366,7.89131744228488e-10,2.98913539480488,"y"
"189",1,"Tyr","WT",48,237.546,0.237546,24,9664763.795,7535145.677,11657920.66,11265308.57,3400000,0.00237546,6.98664705882353e-10,2.64645721925134,"y"
"190",1,"Tyr","2E2",48,258.3432,0.2583432,24,7975440.379,5336415.658,8389830.125,7063534.228,3400000,0.002583432,7.59832941176471e-10,2.8781550802139,"y"
"191",1,"Val","WT",36,469.2924,0.4692924,12,5222866.14,3551167.807,3449043.25,4074330.628,2404163,0.004692924,1.9519990949033e-09,7.3939359655428,"y"
"192",1,"Val","2E2",36,502.4322,0.5024322,12,4547464.778,2201203.122,3293634.791,2705205.276,2404163,0.005024322,2.08984249404055e-09,7.91607005318388,"y"
"193",1,"Val","WT",39,459.5454,0.4595454,15,5746618.025,5939719.721,5791547.495,6217792.647,2621758,0.004595454,1.75281395155464e-09,6.63944678619183,"y"
"194",1,"Val","2E2",39,514.7442,0.5147442,15,5721506.052,4081785.521,4797377.8,4153604.64,2621758,0.005147442,1.96335512278403e-09,7.43695122266676,"y"
"195",1,"Val","WT",42,464.6754,0.4646754,18,7819230.487,5987923.764,7564220.303,7705037.119,2859048,0.004646754,1.62528016318719e-09,6.15636425449692,"y"
"196",1,"Val","2E2",42,424.1484,0.4241484,18,7190955.841,4986082.576,5174280.881,5102004.744,2859048,0.004241484,1.48353018207459e-09,5.61943250785831,"y"
"197",1,"Val","WT",45,425.277,0.425277,21,8509244.733,7450580.665,8799230.115,8958767.472,3117814,0.00425277,1.36402299816474e-09,5.16675378092704,"y"
"198",1,"Val","2E2",45,456.7752,0.4567752,21,7466849.872,5389233.029,6089684.621,5669192.497,3117814,0.004567752,1.46504955074292e-09,5.54943011645047,"y"
"199",1,"Val","WT",48,408.1428,0.4081428,24,9664763.795,7535145.677,11657920.66,11265308.57,3400000,0.004081428,1.20042e-09,4.54704545454546,"y"
"200",1,"Val","2E2",48,450.0036,0.4500036,24,7975440.379,5336415.658,8389830.125,7063534.228,3400000,0.004500036,1.32354e-09,5.01340909090909,"y"
"201",2,"Ala","WT",36,355.6512,0.3556512,12,5222866.14,3551167.807,3449043.25,4074330.628,2404163,0.003556512,1.47931400657942e-09,5.60346214613417,"y"
"202",2,"Ala","2E2",36,230.4016,0.2304016,12,4547464.778,2201203.122,3293634.791,2705205.276,2404163,0.002304016,9.58344338549425e-10,3.63009219147509,"y"
"203",2,"Ala","WT",39,401.1888,0.4011888,15,5746618.025,5939719.721,5791547.495,6217792.647,2621758,0.004011888,1.53022819039744e-09,5.79631890302059,"y"
"204",2,"Ala","2E2",39,392.3696,0.3923696,15,5721506.052,4081785.521,4797377.8,4153604.64,2621758,0.003923696,1.4965896928702e-09,5.66890035178107,"y"
"205",2,"Ala","WT",42,353.192,0.353192,18,7819230.487,5987923.764,7564220.303,7705037.119,2859048,0.00353192,1.23534826977371e-09,4.67934950671862,"y"
"206",2,"Ala","2E2",42,342.8464,0.3428464,18,7190955.841,4986082.576,5174280.881,5102004.744,2859048,0.003428464,1.19916279824613e-09,4.54228332668988,"y"
"207",2,"Ala","WT",45,488.6176,0.4886176,21,8509244.733,7450580.665,8799230.115,8958767.472,3117814,0.004886176,1.56718008194203e-09,5.93628818917434,"y"
"208",2,"Ala","2E2",45,382.7024,0.3827024,21,7466849.872,5389233.029,6089684.621,5669192.497,3117814,0.003827024,1.22747027244088e-09,4.64950860773062,"y"
"209",2,"Ala","WT",48,561.7152,0.5617152,24,9664763.795,7535145.677,11657920.66,11265308.57,3400000,0.005617152,1.65210352941176e-09,6.2579679144385,"y"
"210",2,"Ala","2E2",48,381.4304,0.3814304,24,7975440.379,5336415.658,8389830.125,7063534.228,3400000,0.003814304,1.12185411764706e-09,4.24944741532977,"y"
"221",2,"Asn","WT",36,49.24654,0.04924654,12,5222866.14,3551167.807,3449043.25,4074330.628,2404163,0.0004924654,2.04838607032884e-10,0.775903814518501,"y"
"222",2,"Asn","2E2",36,55.95422,0.05595422,12,4547464.778,2201203.122,3293634.791,2705205.276,2404163,0.0005595422,2.32738878353922e-10,0.881586660431522,"y"
"223",2,"Asn","WT",39,48.0445,0.0480445,15,5746618.025,5939719.721,5791547.495,6217792.647,2621758,0.000480445,1.83252992839156e-10,0.694140124390742,"y"
"224",2,"Asn","2E2",39,66.2235,0.0662235,15,5721506.052,4081785.521,4797377.8,4153604.64,2621758,0.000662235,2.5259196310262e-10,0.956787739025078,"y"
"225",2,"Asn","WT",42,42.1827,0.0421827,18,7819230.487,5987923.764,7564220.303,7705037.119,2859048,0.000421827,1.47541069614781e-10,0.558867687934776,"y"
"226",2,"Asn","2E2",42,53.424,0.053424,18,7190955.841,4986082.576,5174280.881,5102004.744,2859048,0.00053424,1.86859402150646e-10,0.707800765722144,"y"
"227",2,"Asn","WT",45,38.56916,0.03856916,21,8509244.733,7450580.665,8799230.115,8958767.472,3117814,0.0003856916,1.23705775905811e-10,0.468582484491708,"y"
"228",2,"Asn","2E2",45,51.42802,0.05142802,21,7466849.872,5389233.029,6089684.621,5669192.497,3117814,0.0005142802,1.6494896744963e-10,0.624806694884961,"y"
"229",2,"Asn","WT",48,34.8369,0.0348369,24,9664763.795,7535145.677,11657920.66,11265308.57,3400000,0.000348369,1.02461470588235e-10,0.388111631016043,"y"
"230",2,"Asn","2E2",48,48.601,0.048601,24,7975440.379,5336415.658,8389830.125,7063534.228,3400000,0.00048601,1.42944117647059e-10,0.541454991087344,"y"
"231",2,"Asp","WT",36,33.23088,0.03323088,12,5222866.14,3551167.807,3449043.25,4074330.628,2404163,0.0003323088,1.38222242002726e-10,0.523569098495175,"y"
"232",2,"Asp","2E2",36,39.45744,0.03945744,12,4547464.778,2201203.122,3293634.791,2705205.276,2404163,0.0003945744,1.64121317897331e-10,0.62167165870201,"y"
"233",2,"Asp","WT",39,25.7184,0.0257184,15,5746618.025,5939719.721,5791547.495,6217792.647,2621758,0.000257184,9.80960103869236e-11,0.371575796920165,"y"
"234",2,"Asp","2E2",39,43.16856,0.04316856,15,5721506.052,4081785.521,4797377.8,4153604.64,2621758,0.0004316856,1.6465501392577e-10,0.623693234567312,"y"
"235",2,"Asp","WT",42,19.49184,0.01949184,18,7819230.487,5987923.764,7564220.303,7705037.119,2859048,0.0001949184,6.81759802563651e-11,0.258242349455928,"y"
"236",2,"Asp","2E2",42,33.2196,0.0332196,18,7190955.841,4986082.576,5174280.881,5102004.744,2859048,0.000332196,1.16191123758678e-10,0.440117893025294,"y"
"237",2,"Asp","WT",45,16.02888,0.01602888,21,8509244.733,7450580.665,8799230.115,8958767.472,3117814,0.0001602888,5.14106357852008e-11,0.194737256762124,"y"
"238",2,"Asp","2E2",45,23.81208,0.02381208,21,7466849.872,5389233.029,6089684.621,5669192.497,3117814,0.0002381208,7.63742801847705e-11,0.289296515851403,"y"
"239",2,"Asp","WT",48,16.11912,0.01611912,24,9664763.795,7535145.677,11657920.66,11265308.57,3400000,0.0001611912,4.74091764705882e-11,0.179580213903743,"y"
"240",2,"Asp","2E2",48,20.54088,0.02054088,24,7975440.379,5336415.658,8389830.125,7063534.228,3400000,0.0002054088,6.04143529411765e-11,0.228842245989305,"y"
"261",2,"Glu","WT",36,86.63904,0.08663904,12,5222866.14,3551167.807,3449043.25,4074330.628,2404163,0.0008663904,3.60370906631539e-10,1.36504131299825,"y"
"262",2,"Glu","2E2",36,88.1387,0.0881387,12,4547464.778,2201203.122,3293634.791,2705205.276,2404163,0.000881387,3.66608670044419e-10,1.38866920471371,"y"
"263",2,"Glu","WT",39,85.85778,0.08585778,15,5746618.025,5939719.721,5791547.495,6217792.647,2621758,0.0008585778,3.2748171265235e-10,1.24046103277405,"y"
"264",2,"Glu","2E2",39,94.1104,0.0941104,15,5721506.052,4081785.521,4797377.8,4153604.64,2621758,0.000941104,3.5895914115643e-10,1.35969371650163,"y"
"265",2,"Glu","WT",42,63.76698,0.06376698,18,7819230.487,5987923.764,7564220.303,7705037.119,2859048,0.0006376698,2.23035709788713e-10,0.844832234048155,"y"
"266",2,"Glu","2E2",42,77.87456,0.07787456,18,7190955.841,4986082.576,5174280.881,5102004.744,2859048,0.0007787456,2.72379337457783e-10,1.03173991461282,"y"
"267",2,"Glu","WT",45,60.00436,0.06000436,21,8509244.733,7450580.665,8799230.115,8958767.472,3117814,0.0006000436,1.92456509592939e-10,0.729001930276285,"y"
"268",2,"Glu","2E2",45,65.88626,0.06588626,21,7466849.872,5389233.029,6089684.621,5669192.497,3117814,0.0006588626,2.11321971098981e-10,0.800462011738566,"y"
"269",2,"Glu","WT",48,54.11348,0.05411348,24,9664763.795,7535145.677,11657920.66,11265308.57,3400000,0.0005411348,1.59157294117647e-10,0.602868538324421,"y"
"270",2,"Glu","2E2",48,59.74394,0.05974394,24,7975440.379,5336415.658,8389830.125,7063534.228,3400000,0.0005974394,1.75717470588235e-10,0.665596479500891,"y"
"281",2,"Gly","WT",36,264.984,0.264984,12,5222866.14,3551167.807,3449043.25,4074330.628,2404163,0.00264984,1.10218816278264e-09,4.17495516205545,"y"
"282",2,"Gly","2E2",36,303.6456,0.3036456,12,4547464.778,2201203.122,3293634.791,2705205.276,2404163,0.003036456,1.26299922259847e-09,4.78408796438814,"y"
"283",2,"Gly","WT",39,316.1708,0.3161708,15,5746618.025,5939719.721,5791547.495,6217792.647,2621758,0.003161708,1.20594959565299e-09,4.56799089262497,"y"
"284",2,"Gly","2E2",39,322.542,0.322542,15,5721506.052,4081785.521,4797377.8,4153604.64,2621758,0.00322542,1.23025084695079e-09,4.6600410869348,"y"
"285",2,"Gly","WT",42,297.4916,0.2974916,18,7819230.487,5987923.764,7564220.303,7705037.119,2859048,0.002974916,1.04052677674527e-09,3.94138930585328,"y"
"286",2,"Gly","2E2",42,313.2748,0.3132748,18,7190955.841,4986082.576,5174280.881,5102004.744,2859048,0.003132748,1.09573116645821e-09,4.15049684264472,"y"
"287",2,"Gly","WT",45,334.1984,0.3341984,21,8509244.733,7450580.665,8799230.115,8958767.472,3117814,0.003341984,1.07189973487835e-09,4.06022626847859,"y"
"288",2,"Gly","2E2",45,321.0216,0.3210216,21,7466849.872,5389233.029,6089684.621,5669192.497,3117814,0.003210216,1.02963679039224e-09,3.90013935754637,"y"
"289",2,"Gly","WT",48,339.8456,0.3398456,24,9664763.795,7535145.677,11657920.66,11265308.57,3400000,0.003398456,9.99545882352941e-10,3.78615864527629,"y"
"290",2,"Gly","2E2",48,379.376,0.379376,24,7975440.379,5336415.658,8389830.125,7063534.228,3400000,0.00379376,1.11581176470588e-09,4.22655971479501,"y"
"301",2,"lactate","2E2",39,3252.66429840142,3.25266429840142,15,5721506.052,4081785.521,4797377.8,4153604.64,2621758,0.0325266429840142,1.24064246143291e-08,46.9940326300344,"y"
"302",2,"lactate","WT",42,10190.9413854352,10.1909413854352,18,7819230.487,5987923.764,7564220.303,7705037.119,2859048,0.101909413854352,3.56445270783672e-08,135.017148024118,"y"
"303",2,"lactate","2E2",42,3707.81527531084,3.70781527531084,18,7190955.841,4986082.576,5174280.881,5102004.744,2859048,0.0370781527531083,1.29687059304735e-08,49.1238861002783,"y"
"304",2,"lactate","WT",45,12722.0248667851,12.7220248667851,21,8509244.733,7450580.665,8799230.115,8958767.472,3117814,0.127220248667851,4.08043099004145e-08,154.561779925812,"y"
"305",2,"lactate","WT",36,7326.82060390764,7.32682060390764,12,5222866.14,3551167.807,3449043.25,4074330.628,2404163,0.0732682060390764,3.04755567900664e-08,115.437715113888,"y"
"306",2,"lactate","2E2",45,3852.13143872114,3.85213143872114,21,7466849.872,5389233.029,6089684.621,5669192.497,3117814,0.0385213143872114,1.2355231706321e-08,46.8001200997006,"y"
"307",2,"lactate","2E2",36,2986.23445825933,2.98623445825933,12,4547464.778,2201203.122,3293634.791,2705205.276,2404163,0.0298623445825933,1.24210981462543e-08,47.0496141903573,"y"
"308",2,"lactate","WT",48,12833.0373001776,12.8330373001776,24,9664763.795,7535145.677,11657920.66,11265308.57,3400000,0.128330373001776,3.77442273534636e-08,142.970558157059,"y"
"309",2,"lactate","WT",39,7970.69271758437,7.97069271758437,15,5746618.025,5939719.721,5791547.495,6217792.647,2621758,0.0797069271758437,3.04020917170249e-08,115.159438322064,"y"
"310",2,"lactate","2E2",48,4229.57371225577,4.22957371225577,24,7975440.379,5336415.658,8389830.125,7063534.228,3400000,0.0422957371225577,1.24399226831052e-08,47.1209192541864,"y"
"321",2,"Met","WT",36,249.0396,0.2490396,12,5222866.14,3551167.807,3449043.25,4074330.628,2404163,0.002490396,1.03586820028426e-09,3.92374318289491,"y"
"322",2,"Met","2E2",36,256.6236,0.2566236,12,4547464.778,2201203.122,3293634.791,2705205.276,2404163,0.002566236,1.06741348236372e-09,4.04323288774135,"y"
"323",2,"Met","WT",39,247.9968,0.2479968,15,5746618.025,5939719.721,5791547.495,6217792.647,2621758,0.002479968,9.45917968019932e-10,3.58302260613611,"y"
"324",2,"Met","2E2",39,273.8772,0.2738772,15,5721506.052,4081785.521,4797377.8,4153604.64,2621758,0.002738772,1.04463188440733e-09,3.95693895608838,"y"
"325",2,"Met","WT",42,244.3944,0.2443944,18,7819230.487,5987923.764,7564220.303,7705037.119,2859048,0.002443944,8.54810412417e-10,3.23791822885227,"y"
"326",2,"Met","2E2",42,269.9904,0.2699904,18,7190955.841,4986082.576,5174280.881,5102004.744,2859048,0.002699904,9.44336716277586e-10,3.57703301620298,"y"
"327",2,"Met","WT",45,244.7736,0.2447736,21,8509244.733,7450580.665,8799230.115,8958767.472,3117814,0.002447736,7.85080829068059e-10,2.97379101919719,"y"
"328",2,"Met","2E2",45,233.9664,0.2339664,21,7466849.872,5389233.029,6089684.621,5669192.497,3117814,0.002339664,7.5041808138651e-10,2.84249273252466,"y"
"329",2,"Met","WT",48,225.5292,0.2255292,24,9664763.795,7535145.677,11657920.66,11265308.57,3400000,0.002255292,6.63321176470588e-10,2.51258021390374,"y"
"330",2,"Met","2E2",48,257.0028,0.2570028,24,7975440.379,5336415.658,8389830.125,7063534.228,3400000,0.002570028,7.55890588235294e-10,2.86322192513369,"y"
"341",2,"Pro","WT",36,137.7436,0.1377436,12,5222866.14,3551167.807,3449043.25,4074330.628,2404163,0.001377436,5.72937858206785e-10,2.17021915987419,"y"
"342",2,"Pro","2E2",36,166.7088,0.1667088,12,4547464.778,2201203.122,3293634.791,2705205.276,2404163,0.001667088,6.93417210064376e-10,2.62658034115294,"y"
"343",2,"Pro","WT",39,154.36,0.15436,15,5746618.025,5939719.721,5791547.495,6217792.647,2621758,0.0015436,5.88765248356256e-10,2.23017139528885,"y"
"344",2,"Pro","2E2",39,162.6228,0.1626228,15,5721506.052,4081785.521,4797377.8,4153604.64,2621758,0.001626228,6.20281505768267e-10,2.34955115821313,"y"
"345",2,"Pro","WT",42,141.5572,0.1415572,18,7819230.487,5987923.764,7564220.303,7705037.119,2859048,0.001415572,4.95120053948027e-10,1.87545474980313,"y"
"346",2,"Pro","2E2",42,168.7064,0.1687064,18,7190955.841,4986082.576,5174280.881,5102004.744,2859048,0.001687064,5.90078935365898e-10,2.23514748244658,"y"
"347",2,"Pro","WT",45,143.8272,0.1438272,21,8509244.733,7450580.665,8799230.115,8958767.472,3117814,0.001438272,4.61307826573362e-10,1.7473781309597,"y"
"348",2,"Pro","2E2",45,159.0816,0.1590816,21,7466849.872,5389233.029,6089684.621,5669192.497,3117814,0.001590816,5.10234414240234e-10,1.93270611454634,"y"
"349",2,"Pro","WT",48,132.568,0.132568,24,9664763.795,7535145.677,11657920.66,11265308.57,3400000,0.00132568,3.89905882352941e-10,1.47691622103387,"y"
"350",2,"Pro","2E2",48,153.452,0.153452,24,7975440.379,5336415.658,8389830.125,7063534.228,3400000,0.00153452,4.51329411764706e-10,1.70958110516934,"y"
"371",2,"Trp","WT",36,36.54714,0.03654714,12,5222866.14,3551167.807,3449043.25,4074330.628,2404163,0.0003654714,1.52016065466443e-10,0.575818429797132,"y"
"372",2,"Trp","2E2",36,38.34362,0.03834362,12,4547464.778,2201203.122,3293634.791,2705205.276,2404163,0.0003834362,1.5948843734805e-10,0.604122868742614,"y"
"373",2,"Trp","WT",39,37.38924,0.03738924,15,5746618.025,5939719.721,5791547.495,6217792.647,2621758,0.0003738924,1.42611331785771e-10,0.540194438582467,"y"
"374",2,"Trp","2E2",39,43.99772,0.04399772,15,5721506.052,4081785.521,4797377.8,4153604.64,2621758,0.0004399772,1.67817624662536e-10,0.635672820691423,"y"
"375",2,"Trp","WT",42,36.1301,0.0361301,18,7819230.487,5987923.764,7564220.303,7705037.119,2859048,0.000361301,1.26371085760015e-10,0.478678355151573,"y"
"376",2,"Trp","2E2",42,40.35664,0.04035664,18,7190955.841,4986082.576,5174280.881,5102004.744,2859048,0.0004035664,1.41154118433828e-10,0.534674691037228,"y"
"377",2,"Trp","WT",45,37.27696,0.03727696,21,8509244.733,7450580.665,8799230.115,8958767.472,3117814,0.0003727696,1.19561205383002e-10,0.452883353723494,"y"
"378",2,"Trp","2E2",45,35.93762,0.03593762,21,7466849.872,5389233.029,6089684.621,5669192.497,3117814,0.0003593762,1.15265439182709e-10,0.436611512055718,"y"
"379",2,"Trp","WT",48,34.43788,0.03443788,24,9664763.795,7535145.677,11657920.66,11265308.57,3400000,0.0003443788,1.01287882352941e-10,0.383666221033868,"y"
"380",2,"Trp","2E2",48,38.78472,0.03878472,24,7975440.379,5336415.658,8389830.125,7063534.228,3400000,0.0003878472,1.14072705882353e-10,0.432093582887701,"y"
"401",3,"Ala","WT",36,360.4,0.3604,12,5222866.14,3551167.807,3449043.25,4074330.628,2404163,0.003604,1.49906641105449e-09,5.67828186005489,"y"
"402",3,"Ala","WT",39,418.912,0.418912,15,5746618.025,5939719.721,5791547.495,6217792.647,2621758,0.00418912,1.59782863254351e-09,6.05238118387692,"y"
"403",3,"Ala","2E2",39,311.64,0.31164,15,5721506.052,4081785.521,4797377.8,4153604.64,2621758,0.0031164,1.18866806165939e-09,4.5025305365886,"y"
"404",3,"Ala","WT",42,394.5744,0.3945744,18,7819230.487,5987923.764,7564220.303,7705037.119,2859048,0.003945744,1.38009015588406e-09,5.22761422683355,"y"
"405",3,"Ala","2E2",42,325.7168,0.3257168,18,7190955.841,4986082.576,5174280.881,5102004.744,2859048,0.003257168,1.13924914866767e-09,4.31533768434723,"y"
"406",3,"Ala","WT",45,422.9824,0.4229824,21,8509244.733,7450580.665,8799230.115,8958767.472,3117814,0.004229824,1.35666335451698e-09,5.13887634286734,"y"
"407",3,"Ala","2E2",45,446.048,0.446048,21,7466849.872,5389233.029,6089684.621,5669192.497,3117814,0.00446048,1.43064339309529e-09,5.41910376172459,"y"
"408",3,"Ala","WT",48,590.8864,0.5908864,24,9664763.795,7535145.677,11657920.66,11265308.57,3400000,0.005908864,1.73790117647059e-09,6.58295900178253,"y"
"409",3,"Ala","2E2",48,415.096,0.415096,24,7975440.379,5336415.658,8389830.125,7063534.228,3400000,0.00415096,1.22087058823529e-09,4.62450980392157,"y"
"419",3,"Asn","WT",36,49.86982,0.04986982,12,5222866.14,3551167.807,3449043.25,4074330.628,2404163,0.0004986982,2.07431110120237e-10,0.785723901970596,"y"
"420",3,"Asn","WT",39,46.36758,0.04636758,15,5746618.025,5939719.721,5791547.495,6217792.647,2621758,0.0004636758,1.76856826602608e-10,0.669912221979575,"y"
"421",3,"Asn","2E2",39,60.1762,0.0601762,15,5721506.052,4081785.521,4797377.8,4153604.64,2621758,0.000601762,2.29526142382325e-10,0.869417205993656,"y"
"422",3,"Asn","WT",42,43.71864,0.04371864,18,7819230.487,5987923.764,7564220.303,7705037.119,2859048,0.0004371864,1.52913277426612e-10,0.579216959949288,"y"
"423",3,"Asn","2E2",42,47.99256,0.04799256,18,7190955.841,4986082.576,5174280.881,5102004.744,2859048,0.0004799256,1.67862029598664e-10,0.635841021207059,"y"
"424",3,"Asn","WT",45,37.90136,0.03790136,21,8509244.733,7450580.665,8799230.115,8958767.472,3117814,0.0003790136,1.21563890597707e-10,0.460469282567073,"y"
"425",3,"Asn","2E2",45,49.77336,0.04977336,21,7466849.872,5389233.029,6089684.621,5669192.497,3117814,0.0004977336,1.59641851630662e-10,0.604703983449476,"y"
"426",3,"Asn","WT",48,32.80382,0.03280382,24,9664763.795,7535145.677,11657920.66,11265308.57,3400000,0.0003280382,9.64818235294118e-11,0.365461452762923,"y"
"427",3,"Asn","2E2",48,47.10216,0.04710216,24,7975440.379,5336415.658,8389830.125,7063534.228,3400000,0.0004710216,1.38535764705882e-10,0.524756684491979,"y"
"428",3,"Asp","WT",36,32.47512,0.03247512,12,5222866.14,3551167.807,3449043.25,4074330.628,2404163,0.0003247512,1.35078694747403e-10,0.511661722528041,"y"
"429",3,"Asp","WT",39,26.94792,0.02694792,15,5746618.025,5939719.721,5791547.495,6217792.647,2621758,0.0002694792,1.02785688076474e-10,0.389339727562401,"y"
"430",3,"Asp","2E2",39,31.50504,0.03150504,15,5721506.052,4081785.521,4797377.8,4153604.64,2621758,0.0003150504,1.20167612723981e-10,0.455180351227202,"y"
"431",3,"Asp","WT",42,25.68456,0.02568456,18,7819230.487,5987923.764,7564220.303,7705037.119,2859048,0.0002568456,8.9836057316981e-11,0.340288095897655,"y"
"432",3,"Asp","2E2",42,20.33784,0.02033784,18,7190955.841,4986082.576,5174280.881,5102004.744,2859048,0.0002033784,7.11350071772142e-11,0.269450784762175,"y"
"433",3,"Asp","WT",45,18.93912,0.01893912,21,8509244.733,7450580.665,8799230.115,8958767.472,3117814,0.0001893912,6.07448680389529e-11,0.230094197117246,"y"
"434",3,"Asp","2E2",45,18.13824,0.01813824,21,7466849.872,5389233.029,6089684.621,5669192.497,3117814,0.0001813824,5.8176145209432e-11,0.220364186399364,"y"
"435",3,"Asp","WT",48,16.11912,0.01611912,24,9664763.795,7535145.677,11657920.66,11265308.57,3400000,0.0001611912,4.74091764705882e-11,0.179580213903743,"y"
"436",3,"Asp","2E2",48,11.3928,0.0113928,24,7975440.379,5336415.658,8389830.125,7063534.228,3400000,0.000113928,3.35082352941176e-11,0.12692513368984,"y"
"446",3,"Gln","WT",36,3811.062,3.811062,12,5222866.14,3551167.807,3449043.25,4074330.628,2404163,0.03811062,1.58519285090071e-08,60.045183746239,"y"
"447",3,"Gln","WT",39,3490.406,3.490406,15,5746618.025,5939719.721,5791547.495,6217792.647,2621758,0.03490406,1.33132272314989e-08,50.4288910284048,"y"
"448",3,"Gln","2E2",39,3307.992,3.307992,15,5721506.052,4081785.521,4797377.8,4153604.64,2621758,0.03307992,1.2617457446492e-08,47.7933994185303,"y"
"449",3,"Gln","WT",42,3147.664,3.147664,18,7819230.487,5987923.764,7564220.303,7705037.119,2859048,0.03147664,1.10094828768177e-08,41.7025866546126,"y"
"450",3,"Gln","2E2",42,3258.094,3.258094,18,7190955.841,4986082.576,5174280.881,5102004.744,2859048,0.03258094,1.13957303270179e-08,43.1656451780983,"y"
"451",3,"Gln","WT",45,3374.25,3.37425,21,8509244.733,7450580.665,8799230.115,8958767.472,3117814,0.0337425,1.08224865242122e-08,40.9942671371673,"y"
"452",3,"Gln","2E2",45,3263.002,3.263002,21,7466849.872,5389233.029,6089684.621,5669192.497,3117814,0.03263002,1.04656724230503e-08,39.64269857216,"y"
"453",3,"Gln","WT",48,3087.95,3.08795,24,9664763.795,7535145.677,11657920.66,11265308.57,3400000,0.0308795,9.08220588235294e-09,34.4022950089126,"y"
"454",3,"Gln","2E2",48,3174.658,3.174658,24,7975440.379,5336415.658,8389830.125,7063534.228,3400000,0.03174658,9.33722941176471e-09,35.3682932263815,"y"
"455",3,"Glu","WT",36,80.94572,0.08094572,12,5222866.14,3551167.807,3449043.25,4074330.628,2404163,0.0008094572,3.36689816788629e-10,1.27534021510844,"y"
"456",3,"Glu","WT",39,80.1016,0.0801016,15,5746618.025,5939719.721,5791547.495,6217792.647,2621758,0.000801016,3.0552629190032e-10,1.15729656022849,"y"
"457",3,"Glu","2E2",39,63.87474,0.06387474,15,5721506.052,4081785.521,4797377.8,4153604.64,2621758,0.0006387474,2.43633241511993e-10,0.922853187545428,"y"
"458",3,"Glu","WT",42,76.72512,0.07672512,18,7819230.487,5987923.764,7564220.303,7705037.119,2859048,0.0007672512,2.68358978233314e-10,1.0165112811868,"y"
"459",3,"Glu","2E2",42,55.11924,0.05511924,18,7190955.841,4986082.576,5174280.881,5102004.744,2859048,0.0005511924,1.92788788435871e-10,0.730260562257087,"y"
"460",3,"Glu","WT",45,61.30646,0.06130646,21,8509244.733,7450580.665,8799230.115,8958767.472,3117814,0.0006130646,1.96632833132445e-10,0.744821337622897,"y"
"461",3,"Glu","2E2",45,49.29122,0.04929122,21,7466849.872,5389233.029,6089684.621,5669192.497,3117814,0.0004929122,1.58095447643766e-10,0.598846392590022,"y"
"462",3,"Glu","WT",48,61.513,0.061513,24,9664763.795,7535145.677,11657920.66,11265308.57,3400000,0.00061513,1.80920588235294e-10,0.685305258467023,"y"
"463",3,"Glu","2E2",48,30.10096,0.03010096,24,7975440.379,5336415.658,8389830.125,7063534.228,3400000,0.0003010096,8.85322352941177e-11,0.335349376114082,"y"
"464",3,"glucose","WT",36,14082.2398365861,14.0822398365861,12,5222866.14,3551167.807,3449043.25,4074330.628,2404163,0.140822398365861,5.8574397146059e-08,221.872716462345,"y"
"465",3,"glucose","2E2",45,14343.1248473545,14.3431248473545,21,7466849.872,5389233.029,6089684.621,5669192.497,3117814,0.143431248473545,4.60037861378341e-08,174.256765673614,"y"
"466",3,"glucose","2E2",36,14742.7784808721,14.7427784808721,12,4547464.778,2201203.122,3293634.791,2705205.276,2404163,0.147427784808721,6.1321875766627e-08,232.279832449345,"y"
"467",3,"glucose","WT",48,11623.2598414707,11.6232598414707,24,9664763.795,7535145.677,11657920.66,11265308.57,3400000,0.116232598414707,3.41860583572668e-08,129.492645292677,"y"
"468",3,"glucose","WT",39,12167.2328426475,12.1672328426475,15,5746618.025,5939719.721,5791547.495,6217792.647,2621758,0.121672328426475,4.64086801399957e-08,175.790455075741,"y"
"469",3,"glucose","2E2",48,13371.7444881103,13.3717444881103,24,7975440.379,5336415.658,8389830.125,7063534.228,3400000,0.133717444881103,3.9328660259148e-08,148.972197951318,"y"
"470",3,"glucose","2E2",39,14187.7039898754,14.1877039898754,15,5721506.052,4081785.521,4797377.8,4153604.64,2621758,0.141877039898754,5.41152310391556e-08,204.981935754377,"y"
"471",3,"glucose","WT",42,11445.6360043518,11.4456360043518,18,7819230.487,5987923.764,7564220.303,7705037.119,2859048,0.114456360043518,4.00330319895006e-08,151.640272687502,"y"
"472",3,"glucose","2E2",42,14404.1830413642,14.4041830413642,18,7190955.841,4986082.576,5174280.881,5102004.744,2859048,0.144041830413642,5.03810465629264e-08,190.837297586842,"y"
"473",3,"glucose","WT",45,11390.1285552521,11.3901285552521,21,8509244.733,7450580.665,8799230.115,8958767.472,3117814,0.113901285552521,3.65324184035742e-08,138.380372740811,"y"
"492",3,"lactate","2E2",39,3885.4351687389,3.8854351687389,15,5721506.052,4081785.521,4797377.8,4153604.64,2621758,0.038854351687389,1.48199611433965e-08,56.1362164522596,"y"
"493",3,"lactate","WT",42,10146.5364120782,10.1465364120782,18,7819230.487,5987923.764,7564220.303,7705037.119,2859048,0.101465364120782,3.54892132348885e-08,134.428838010941,"y"
"494",3,"lactate","2E2",42,4607.01598579041,4.60701598579041,18,7190955.841,4986082.576,5174280.881,5102004.744,2859048,0.0460701598579041,1.61138112609176e-08,61.0371638671123,"y"
"495",3,"lactate","WT",45,11878.3303730018,11.8783303730018,21,8509244.733,7450580.665,8799230.115,8958767.472,3117814,0.118783303730018,3.80982649157447e-08,144.311609529336,"y"
"496",3,"lactate","WT",36,8037.30017761989,8.03730017761989,12,5222866.14,3551167.807,3449043.25,4074330.628,2404163,0.0803730017761989,3.34307622969819e-08,126.631675367356,"y"
"497",3,"lactate","2E2",45,5117.67317939609,5.11767317939609,21,7466849.872,5389233.029,6089684.621,5669192.497,3117814,0.0511767317939609,1.64142991833255e-08,62.1753756944149,"y"
"498",3,"lactate","2E2",36,3685.61278863233,3.68561278863233,12,4547464.778,2201203.122,3293634.791,2705205.276,2404163,0.0368561278863233,1.53301285671243e-08,58.0686688148648,"y"
"499",3,"lactate","WT",48,14131.8827708703,14.1318827708703,24,9664763.795,7535145.677,11657920.66,11265308.57,3400000,0.141318827708703,4.15643610907951e-08,157.440761707557,"y"
"500",3,"lactate","WT",39,8992.00710479574,8.99200710479574,15,5746618.025,5939719.721,5791547.495,6217792.647,2621758,0.0899200710479574,3.4297624360432e-08,129.915243789515,"y"
"501",3,"lactate","2E2",48,5195.38188277087,5.19538188277087,24,7975440.379,5336415.658,8389830.125,7063534.228,3400000,0.0519538188277087,1.52805349493261e-08,57.8808142019928,"y"
"511",3,"Met","WT",36,249.324,0.249324,12,5222866.14,3551167.807,3449043.25,4074330.628,2404163,0.00249324,1.03705114836224e-09,3.92822404682665,"y"
"512",3,"Met","WT",39,247.1436,0.2471436,15,5746618.025,5939719.721,5791547.495,6217792.647,2621758,0.002471436,9.42663663084083e-10,3.57069569350032,"y"
"513",3,"Met","2E2",39,274.0668,0.2740668,15,5721506.052,4081785.521,4797377.8,4153604.64,2621758,0.002740668,1.04535506328197e-09,3.95967827000745,"y"
"514",3,"Met","WT",42,250.9356,0.2509356,18,7819230.487,5987923.764,7564220.303,7705037.119,2859048,0.002509356,8.77689356736928e-10,3.32458089673079,"y"
"515",3,"Met","2E2",42,238.896,0.238896,18,7190955.841,4986082.576,5174280.881,5102004.744,2859048,0.00238896,8.35578836032134e-10,3.16507134860657,"y"
"516",3,"Met","WT",45,217.2816,0.2172816,21,8509244.733,7450580.665,8799230.115,8958767.472,3117814,0.002172816,6.96903663913242e-10,2.63978660573198,"y"
"517",3,"Met","2E2",45,254.3484,0.2543484,21,7466849.872,5389233.029,6089684.621,5669192.497,3117814,0.002543484,8.1579080727715e-10,3.09011669423163,"y"
"518",3,"Met","WT",48,250.6512,0.2506512,24,9664763.795,7535145.677,11657920.66,11265308.57,3400000,0.002506512,7.37209411764706e-10,2.79245989304813,"y"
"519",3,"Met","2E2",48,240.1284,0.2401284,24,7975440.379,5336415.658,8389830.125,7063534.228,3400000,0.002401284,7.0626e-10,2.67522727272727,"y"
"520",3,"Phe","WT",36,235.9904,0.2359904,12,5222866.14,3551167.807,3449043.25,4074330.628,2404163,0.002359904,9.81590682495322e-10,3.71814652460349,"y"
"521",3,"Phe","WT",39,244.992,0.244992,15,5746618.025,5939719.721,5791547.495,6217792.647,2621758,0.00244992,9.34456955981445e-10,3.5396096817479,"y"
"522",3,"Phe","2E2",39,253.0656,0.2530656,15,5721506.052,4081785.521,4797377.8,4153604.64,2621758,0.002530656,9.65251560212651e-10,3.65625590989641,"y"
"523",3,"Phe","WT",42,243.5072,0.2435072,18,7819230.487,5987923.764,7564220.303,7705037.119,2859048,0.002435072,8.51707281584639e-10,3.22616394539636,"y"
"524",3,"Phe","2E2",42,227.36,0.22736,18,7190955.841,4986082.576,5174280.881,5102004.744,2859048,0.0022736,7.95229740808829e-10,3.01223386670011,"y"
"525",3,"Phe","WT",45,227.9168,0.2279168,21,8509244.733,7450580.665,8799230.115,8958767.472,3117814,0.002279168,7.31014743021874e-10,2.76899523871922,"y"
"526",3,"Phe","2E2",45,253.5296,0.2535296,21,7466849.872,5389233.029,6089684.621,5669192.497,3117814,0.002535296,8.13164608280032e-10,3.0801689707577,"y"
"527",3,"Phe","WT",48,232.1856,0.2321856,24,9664763.795,7535145.677,11657920.66,11265308.57,3400000,0.002321856,6.82898823529412e-10,2.58673796791444,"y"
"528",3,"Phe","2E2",48,231.4432,0.2314432,24,7975440.379,5336415.658,8389830.125,7063534.228,3400000,0.002314432,6.80715294117647e-10,2.57846702317291,"y"
"529",3,"Pro","WT",36,155.722,0.155722,12,5222866.14,3551167.807,3449043.25,4074330.628,2404163,0.00155722,6.47718145566669e-10,2.45347782411617,"y"
"530",3,"Pro","WT",39,139.7412,0.1397412,15,5746618.025,5939719.721,5791547.495,6217792.647,2621758,0.001397412,5.33005716011928e-10,2.01896104549973,"y"
"531",3,"Pro","2E2",39,158.5368,0.1585368,15,5721506.052,4081785.521,4797377.8,4153604.64,2621758,0.001585368,6.04696543311778e-10,2.29051720951431,"y"
"532",3,"Pro","WT",42,135.746,0.135746,18,7819230.487,5987923.764,7564220.303,7705037.119,2859048,0.00135746,4.74794407089353e-10,1.79846366321725,"y"
"533",3,"Pro","2E2",42,135.1104,0.1351104,18,7190955.841,4986082.576,5174280.881,5102004.744,2859048,0.001351104,4.72571289464185e-10,1.79004276312191,"y"
"534",3,"Pro","WT",45,132.7496,0.1327496,21,8509244.733,7450580.665,8799230.115,8958767.472,3117814,0.001327496,4.25777804577181e-10,1.6127947143075,"y"
"535",3,"Pro","2E2",45,146.0064,0.1460064,21,7466849.872,5389233.029,6089684.621,5669192.497,3117814,0.001460064,4.68297339097201e-10,1.77385355718637,"y"
"536",3,"Pro","WT",48,131.1152,0.1311152,24,9664763.795,7535145.677,11657920.66,11265308.57,3400000,0.001311152,3.85632941176471e-10,1.46073083778966,"y"
"537",3,"Pro","2E2",48,134.9288,0.1349288,24,7975440.379,5336415.658,8389830.125,7063534.228,3400000,0.001349288,3.96849411764706e-10,1.5032174688057,"y"
"538",3,"Ser","WT",36,224.136,0.224136,12,5222866.14,3551167.807,3449043.25,4074330.628,2404163,0.00224136,9.32282877658462e-10,3.53137453658508,"y"
"539",3,"Ser","WT",39,239.536,0.239536,15,5746618.025,5939719.721,5791547.495,6217792.647,2621758,0.00239536,9.13646492162892e-10,3.46078216728368,"y"
"540",3,"Ser","2E2",39,253.616,0.253616,15,5721506.052,4081785.521,4797377.8,4153604.64,2621758,0.00253616,9.67350914920447e-10,3.6642080110623,"y"
"541",3,"Ser","WT",42,212.432,0.212432,18,7819230.487,5987923.764,7564220.303,7705037.119,2859048,0.00212432,7.43016556560086e-10,2.81445665363669,"y"
"542",3,"Ser","2E2",42,221.584,0.221584,18,7190955.841,4986082.576,5174280.881,5102004.744,2859048,0.00221584,7.75027211855135e-10,2.93570913581491,"y"
"543",3,"Ser","WT",45,217.448,0.217448,21,8509244.733,7450580.665,8799230.115,8958767.472,3117814,0.00217448,6.97437371183784e-10,2.641808224181,"y"
"544",3,"Ser","2E2",45,234.784,0.234784,21,7466849.872,5389233.029,6089684.621,5669192.497,3117814,0.00234784,7.53040431533119e-10,2.85242587701939,"y"
"545",3,"Ser","WT",48,201.344,0.201344,24,9664763.795,7535145.677,11657920.66,11265308.57,3400000,0.00201344,5.92188235294118e-10,2.24313725490196,"y"
"546",3,"Ser","2E2",48,219.648,0.219648,24,7975440.379,5336415.658,8389830.125,7063534.228,3400000,0.00219648,6.46023529411765e-10,2.44705882352941,"y"
"556",3,"Trp","WT",36,36.34664,0.03634664,12,5222866.14,3551167.807,3449043.25,4074330.628,2404163,0.0003634664,1.51182095390371e-10,0.572659452236253,"y"
"557",3,"Trp","WT",39,38.72858,0.03872858,15,5746618.025,5939719.721,5791547.495,6217792.647,2621758,0.0003872858,1.47719888715892e-10,0.559545033014743,"y"
"558",3,"Trp","2E2",39,41.37518,0.04137518,15,5721506.052,4081785.521,4797377.8,4153604.64,2621758,0.0004137518,1.57814641931101e-10,0.597782734587504,"y"
"559",3,"Trp","WT",42,37.18072,0.03718072,18,7819230.487,5987923.764,7564220.303,7705037.119,2859048,0.0003718072,1.30045805456921e-10,0.492597747942884,"y"
"560",3,"Trp","2E2",42,37.32508,0.03732508,18,7190955.841,4986082.576,5174280.881,5102004.744,2859048,0.0003732508,1.30550728774053e-10,0.494510336265354,"y"
"561",3,"Trp","WT",45,34.83086,0.03483086,21,8509244.733,7450580.665,8799230.115,8958767.472,3117814,0.0003483086,1.11715644358515e-10,0.423165319539831,"y"
"562",3,"Trp","2E2",45,39.46642,0.03946642,21,7466849.872,5389233.029,6089684.621,5669192.497,3117814,0.0003946642,1.26583625578691e-10,0.479483430222313,"y"
"563",3,"Trp","WT",48,35.47246,0.03547246,24,9664763.795,7535145.677,11657920.66,11265308.57,3400000,0.0003547246,1.04330764705882e-10,0.395192290552585,"y"
"564",3,"Trp","2E2",48,38.22332,0.03822332,24,7975440.379,5336415.658,8389830.125,7063534.228,3400000,0.0003822332,1.12421529411765e-10,0.425839126559715,"y"
"565",3,"Tyr","WT",36,239.1678,0.2391678,12,5222866.14,3551167.807,3449043.25,4074330.628,2404163,0.002391678,9.94806924488897e-10,3.76820804730643,"y"
"566",3,"Tyr","WT",39,244.224,0.244224,15,5746618.025,5939719.721,5791547.495,6217792.647,2621758,0.00244224,9.31527623831033e-10,3.5285137266327,"y"
"567",3,"Tyr","2E2",39,251.5698,0.2515698,15,5721506.052,4081785.521,4797377.8,4153604.64,2621758,0.002515698,9.59546228141575e-10,3.63464480356657,"y"
"568",3,"Tyr","WT",42,246.8952,0.2468952,18,7819230.487,5987923.764,7564220.303,7705037.119,2859048,0.002468952,8.63557379939057e-10,3.27105068158734,"y"
"569",3,"Tyr","2E2",42,227.7198,0.2277198,18,7190955.841,4986082.576,5174280.881,5102004.744,2859048,0.002277198,7.96488201667128e-10,3.01700076389064,"y"
"570",3,"Tyr","WT",45,238.023,0.238023,21,8509244.733,7450580.665,8799230.115,8958767.472,3117814,0.00238023,7.63429120531244e-10,2.89177697170926,"y"
"571",3,"Tyr","2E2",45,261.3006,0.2613006,21,7466849.872,5389233.029,6089684.621,5669192.497,3117814,0.002613006,8.3808912269943e-10,3.17458001022511,"y"
"572",3,"Tyr","WT",48,238.7862,0.2387862,24,9664763.795,7535145.677,11657920.66,11265308.57,3400000,0.002387862,7.02312352941176e-10,2.66027406417112,"y"
"573",3,"Tyr","2E2",48,240.3126,0.2403126,24,7975440.379,5336415.658,8389830.125,7063534.228,3400000,0.002403126,7.06801764705882e-10,2.67727941176471,"y"
"603",4,"Asn","WT",36,52.02162,0.05202162,12,5222866.14,3551167.807,3449043.25,4074330.628,2404163,0.0005202162,2.16381418398004e-10,0.819626584840923,"y"
"604",4,"Asn","2E2",36,62.78062,0.06278062,12,4547464.778,2201203.122,3293634.791,2705205.276,2404163,0.0006278062,2.61132959786836e-10,0.989139999192562,"y"
"605",4,"Asn","WT",39,48.10386,0.04810386,15,5746618.025,5939719.721,5791547.495,6217792.647,2621758,0.0004810386,1.83479405803282e-10,0.694997749254855,"y"
"606",4,"Asn","2E2",39,53.99534,0.05399534,15,5721506.052,4081785.521,4797377.8,4153604.64,2621758,0.0005399534,2.05950892492747e-10,0.780117017017982,"y"
"607",4,"Asn","WT",42,45.93722,0.04593722,18,7819230.487,5987923.764,7564220.303,7705037.119,2859048,0.0004593722,1.60673133154812e-10,0.608610352859138,"y"
"608",4,"Asn","2E2",42,59.40452,0.05940452,18,7190955.841,4986082.576,5174280.881,5102004.744,2859048,0.0005940452,2.07777274113621e-10,0.787035129218261,"y"
"609",4,"Asn","WT",45,34.69592,0.03469592,21,8509244.733,7450580.665,8799230.115,8958767.472,3117814,0.0003469592,1.1128284111881e-10,0.421525913328824,"y"
"610",4,"Asn","2E2",45,47.3025,0.0473025,21,7466849.872,5389233.029,6089684.621,5669192.497,3117814,0.000473025,1.51716875990678e-10,0.574685136328326,"y"
"611",4,"Asn","WT",48,25.79934,0.02579934,24,9664763.795,7535145.677,11657920.66,11265308.57,3400000,0.0002579934,7.58804117647059e-11,0.287425802139037,"y"
"612",4,"Asn","2E2",48,40.44642,0.04044642,24,7975440.379,5336415.658,8389830.125,7063534.228,3400000,0.0004044642,1.18960058823529e-10,0.45060628342246,"y"
"613",4,"Asp","WT",36,27.50064,0.02750064,12,5222866.14,3551167.807,3449043.25,4074330.628,2404163,0.0002750064,1.1438758520117e-10,0.433286307580189,"y"
"614",4,"Asp","2E2",36,37.21272,0.03721272,12,4547464.778,2201203.122,3293634.791,2705205.276,2404163,0.0003721272,1.54784513362863e-10,0.586304974859328,"y"
"615",4,"Asp","WT",39,22.90968,0.02290968,15,5746618.025,5939719.721,5791547.495,6217792.647,2621758,0.0002290968,8.73828934630885e-11,0.330995808572305,"y"
"616",4,"Asp","2E2",39,26.14704,0.02614704,15,5721506.052,4081785.521,4797377.8,4153604.64,2621758,0.0002614704,9.97309438933723e-11,0.377768726868835,"y"
"617",4,"Asp","WT",42,19.70616,0.01970616,18,7819230.487,5987923.764,7564220.303,7705037.119,2859048,0.0001970616,6.89256004096469e-11,0.261081819733511,"y"
"618",4,"Asp","2E2",42,21.02592,0.02102592,18,7190955.841,4986082.576,5174280.881,5102004.744,2859048,0.0002102592,7.35416824061716e-11,0.278566978811256,"y"
"619",4,"Asp","WT",45,13.45704,0.01345704,21,8509244.733,7450580.665,8799230.115,8958767.472,3117814,0.0001345704,4.31617793749082e-11,0.163491588541319,"y"
"620",4,"Asp","2E2",45,14.82192,0.01482192,21,7466849.872,5389233.029,6089684.621,5669192.497,3117814,0.0001482192,4.75394619435284e-11,0.180073719483062,"y"
"621",4,"Asp","WT",48,7.513608,0.007513608,24,9664763.795,7535145.677,11657920.66,11265308.57,3400000,7.513608e-05,2.20988470588235e-11,0.0837077540106952,"y"
"622",4,"Asp","2E2",48,9.848568,0.009848568,24,7975440.379,5336415.658,8389830.125,7063534.228,3400000,9.848568e-05,2.89663764705882e-11,0.109721122994652,"y"
"633",4,"Gln","WT",36,4082.638,4.082638,12,5222866.14,3551167.807,3449043.25,4074330.628,2404163,0.04082638,1.69815357777322e-08,64.3239991580765,"y"
"634",4,"Gln","2E2",36,4386.934,4.386934,12,4547464.778,2201203.122,3293634.791,2705205.276,2404163,0.04386934,1.82472403077495e-08,69.1183344990512,"y"
"635",4,"Gln","WT",39,3734.988,3.734988,15,5746618.025,5939719.721,5791547.495,6217792.647,2621758,0.03734988,1.42461203513063e-08,53.9625770882813,"y"
"636",4,"Gln","2E2",39,3520.672,3.520672,15,5721506.052,4081785.521,4797377.8,4153604.64,2621758,0.03520672,1.34286688550202e-08,50.8661699053795,"y"
"637",4,"Gln","WT",42,3513.31,3.51331,18,7819230.487,5987923.764,7564220.303,7705037.119,2859048,0.0351331,1.2288391100814e-08,46.5469359879317,"y"
"638",4,"Gln","2E2",42,3712.902,3.712902,18,7190955.841,4986082.576,5174280.881,5102004.744,2859048,0.03712902,1.29864976033981e-08,49.1912788007502,"y"
"639",4,"Gln","WT",45,2829.462,2.829462,21,8509244.733,7450580.665,8799230.115,8958767.472,3117814,0.02829462,9.07514688175754e-09,34.3755563702937,"y"
"640",4,"Gln","2E2",45,3187.746,3.187746,21,7466849.872,5389233.029,6089684.621,5669192.497,3117814,0.03187746,1.02242981781466e-08,38.7284021899493,"y"
"641",4,"Gln","WT",48,2535.8,2.5358,24,9664763.795,7535145.677,11657920.66,11265308.57,3400000,0.025358,7.45823529411765e-09,28.2508912655971,"y"
"642",4,"Gln","2E2",48,2759.932,2.759932,24,7975440.379,5336415.658,8389830.125,7063534.228,3400000,0.02759932,8.11744705882353e-09,30.7479055258467,"y"
"643",4,"Glu","WT",36,70.41218,0.07041218,12,5222866.14,3551167.807,3449043.25,4074330.628,2404163,0.0007041218,2.92876065391573e-10,1.10937903557414,"y"
"644",4,"Glu","2E2",36,74.16582,0.07416582,12,4547464.778,2201203.122,3293634.791,2705205.276,2404163,0.0007416582,3.08489149862135e-10,1.16851950705354,"y"
"645",4,"Glu","WT",39,70.28646,0.07028646,15,5746618.025,5939719.721,5791547.495,6217792.647,2621758,0.0007028646,2.68089045594597e-10,1.01548880907044,"y"
"646",4,"Glu","2E2",39,66.06586,0.06606586,15,5721506.052,4081785.521,4797377.8,4153604.64,2621758,0.0006606586,2.51990687164872e-10,0.954510178654818,"y"
"647",4,"Glu","WT",42,62.34814,0.06234814,18,7819230.487,5987923.764,7564220.303,7705037.119,2859048,0.0006234814,2.18073078871009e-10,0.826034389662912,"y"
"648",4,"Glu","2E2",42,54.21226,0.05421226,18,7190955.841,4986082.576,5174280.881,5102004.744,2859048,0.0005421226,1.89616473735313e-10,0.718244218694368,"y"
"649",4,"Glu","WT",45,44.06486,0.04406486,21,8509244.733,7450580.665,8799230.115,8958767.472,3117814,0.0004406486,1.4133254902313e-10,0.535350564481552,"y"
"650",4,"Glu","2E2",45,31.14264,0.03114264,21,7466849.872,5389233.029,6089684.621,5669192.497,3117814,0.0003114264,9.98861381724503e-11,0.378356583986554,"y"
"651",4,"Glu","WT",48,28.66416,0.02866416,24,9664763.795,7535145.677,11657920.66,11265308.57,3400000,0.0002866416,8.43063529411765e-11,0.319342245989305,"y"
"652",4,"Glu","2E2",48,25.38646,0.02538646,24,7975440.379,5336415.658,8389830.125,7063534.228,3400000,0.0002538646,7.46660588235294e-11,0.282825980392157,"y"
"653",4,"glucose","WT",36,13521.6146006794,13.5216146006794,12,5222866.14,3551167.807,3449043.25,4074330.628,2404163,0.135216146006794,5.62425035269215e-08,213.039786086824,"y"
"654",4,"glucose","2E2",45,13099.7579875219,13.0997579875219,21,7466849.872,5389233.029,6089684.621,5669192.497,3117814,0.130997579875219,4.2015841828672e-08,159.150916017697,"y"
"655",4,"glucose","2E2",36,14298.7188880748,14.2987188880748,12,4547464.778,2201203.122,3293634.791,2705205.276,2404163,0.142987188880748,5.9474831315825e-08,225.283451953883,"y"
"656",4,"glucose","WT",48,10424.2989409179,10.4242989409179,24,9664763.795,7535145.677,11657920.66,11265308.57,3400000,0.104242989409179,3.06597027674055e-08,116.135237755324,"y"
"657",4,"glucose","WT",39,12600.1909456249,12.6001909456249,15,5746618.025,5939719.721,5791547.495,6217792.647,2621758,0.126001909456249,4.80600839041014e-08,182.04577236402,"y"
"658",4,"glucose","2E2",48,13754.745886898,13.754745886898,24,7975440.379,5336415.658,8389830.125,7063534.228,3400000,0.13754745886898,4.04551349614648e-08,153.239147581306,"y"
"659",4,"glucose","2E2",39,14237.6606940651,14.2376606940651,15,5721506.052,4081785.521,4797377.8,4153604.64,2621758,0.142376606940651,5.43057776273216e-08,205.703703133794,"y"
"660",4,"glucose","WT",42,11534.4479229113,11.5344479229113,18,7819230.487,5987923.764,7564220.303,7705037.119,2859048,0.115344479229113,4.03436665733183e-08,152.816918838327,"y"
"661",4,"glucose","2E2",42,12627.9446701747,12.6279446701747,18,7190955.841,4986082.576,5174280.881,5102004.744,2859048,0.126279446701747,4.41683548865732e-08,167.304374570353,"y"
"662",4,"glucose","WT",45,13388.3967228402,13.3883967228402,21,8509244.733,7450580.665,8799230.115,8958767.472,3117814,0.133883967228402,4.29416146147275e-08,162.657631116392,"y"
"683",4,"lactate","2E2",39,3274.86678507993,3.27486678507993,15,5721506.052,4081785.521,4797377.8,4153604.64,2621758,0.0327486678507993,1.24911101065771e-08,47.3148110097616,"y"
"684",4,"lactate","WT",42,10024.4227353464,10.0244227353464,18,7819230.487,5987923.764,7564220.303,7705037.119,2859048,0.100244227353464,3.5062100165322e-08,132.810985474705,"y"
"685",4,"lactate","2E2",42,3297.06927175844,3.29706927175844,18,7190955.841,4986082.576,5174280.881,5102004.744,2859048,0.0329706927175844,1.15320528782953e-08,43.6820184783912,"y"
"686",4,"lactate","WT",45,12844.1385435169,12.8441385435169,21,8509244.733,7450580.665,8799230.115,8958767.472,3117814,0.128441385435169,4.11959743060903e-08,156.045357220039,"y"
"687",4,"lactate","WT",36,7504.4404973357,7.5044404973357,12,5222866.14,3551167.807,3449043.25,4074330.628,2404163,0.075044404973357,3.12143581667953e-08,118.236205177255,"y"
"688",4,"lactate","2E2",45,3785.52397868561,3.78552397868561,21,7466849.872,5389233.029,6089684.621,5669192.497,3117814,0.0378552397868561,1.21415965759523e-08,45.9908961210314,"y"
"689",4,"lactate","2E2",36,2830.81705150977,2.83081705150977,12,4547464.778,2201203.122,3293634.791,2705205.276,2404163,0.0283081705150977,1.17746469416166e-08,44.6009353849112,"y"
"690",4,"lactate","WT",48,13043.9609236234,13.0439609236234,24,9664763.795,7535145.677,11657920.66,11265308.57,3400000,0.130439609236234,3.83645909518337e-08,145.320420272097,"y"
"691",4,"lactate","WT",39,8547.95737122558,8.54795737122558,15,5746618.025,5939719.721,5791547.495,6217792.647,2621758,0.0854795737122558,3.26039145154724e-08,123.499676194971,"y"
"692",4,"lactate","2E2",48,4340.58614564831,4.34058614564831,24,7975440.379,5336415.658,8389830.125,7063534.228,3400000,0.0434058614564831,1.27664298401421e-08,48.357688788417,"y"
"713",4,"Phe","WT",36,239.424,0.239424,12,5222866.14,3551167.807,3449043.25,4074330.628,2404163,0.00239424,9.95872576027499e-10,3.77224460616477,"y"
"714",4,"Phe","2E2",36,270.1408,0.2701408,12,4547464.778,2201203.122,3293634.791,2705205.276,2404163,0.002701408,1.12363762357211e-09,4.25620311959133,"y"
"715",4,"Phe","WT",39,240.7232,0.2407232,15,5746618.025,5939719.721,5791547.495,6217792.647,2621758,0.002407232,9.18174751445404e-10,3.47793466456592,"y"
"716",4,"Phe","2E2",39,234.9696,0.2349696,15,5721506.052,4081785.521,4797377.8,4153604.64,2621758,0.002349696,8.96229171418567e-10,3.39480746749457,"y"
"717",4,"Phe","WT",42,239.3312,0.2393312,18,7819230.487,5987923.764,7564220.303,7705037.119,2859048,0.002393312,8.37101021039171e-10,3.17083720090595,"y"
"718",4,"Phe","2E2",42,261.7888,0.2617888,18,7190955.841,4986082.576,5174280.881,5102004.744,2859048,0.002617888,9.15650244417023e-10,3.46837213794327,"y"
"719",4,"Phe","WT",45,200.6336,0.2006336,21,8509244.733,7450580.665,8799230.115,8958767.472,3117814,0.002006336,6.43507277855574e-10,2.43752756763475,"y"
"720",4,"Phe","2E2",45,209.5424,0.2095424,21,7466849.872,5389233.029,6089684.621,5669192.497,3117814,0.002095424,6.72081144032325e-10,2.54576190921335,"y"
"721",4,"Phe","WT",48,162.5856,0.1625856,24,9664763.795,7535145.677,11657920.66,11265308.57,3400000,0.001625856,4.78192941176471e-10,1.81133689839572,"y"
"722",4,"Phe","2E2",48,186.1568,0.1861568,24,7975440.379,5336415.658,8389830.125,7063534.228,3400000,0.001861568,5.4752e-10,2.07393939393939,"y"
"733",4,"Ser","WT",36,255.024,0.255024,12,5222866.14,3551167.807,3449043.25,4074330.628,2404163,0.00255024,1.06076002334284e-09,4.01803039145016,"y"
"734",4,"Ser","2E2",36,320.672,0.320672,12,4547464.778,2201203.122,3293634.791,2705205.276,2404163,0.00320672,1.33381971189142e-09,5.05234739352809,"y"
"735",4,"Ser","WT",39,219.032,0.219032,15,5746618.025,5939719.721,5791547.495,6217792.647,2621758,0.00219032,8.35439426522204e-10,3.16454328228107,"y"
"736",4,"Ser","2E2",39,263.208,0.263208,15,5721506.052,4081785.521,4797377.8,4153604.64,2621758,0.00263208,1.00393705292403e-09,3.80279186713648,"y"
"737",4,"Ser","WT",42,212.52,0.21252,18,7819230.487,5987923.764,7564220.303,7705037.119,2859048,0.0021252,7.43324351322538e-10,2.8156225428884,"y"
"738",4,"Ser","2E2",42,274.648,0.274648,18,7190955.841,4986082.576,5174280.881,5102004.744,2859048,0.00274648,9.6062745361393e-10,3.63874035459822,"y"
"739",4,"Ser","WT",45,184.096,0.184096,21,8509244.733,7450580.665,8799230.115,8958767.472,3117814,0.00184096,5.9046498604471e-10,2.2366097956239,"y"
"740",4,"Ser","2E2",45,203.192,0.203192,21,7466849.872,5389233.029,6089684.621,5669192.497,3117814,0.00203192,6.51713027140169e-10,2.46860995128852,"y"
"741",4,"Ser","WT",48,133.584,0.133584,24,9664763.795,7535145.677,11657920.66,11265308.57,3400000,0.00133584,3.92894117647059e-10,1.48823529411765,"y"
"742",4,"Ser","2E2",48,178,0.178,24,7975440.379,5336415.658,8389830.125,7063534.228,3400000,0.00178,5.23529411764706e-10,1.98306595365419,"y"
"753",4,"Trp","WT",36,38.88898,0.03888898,12,5222866.14,3551167.807,3449043.25,4074330.628,2404163,0.0003888898,1.61756835954966e-10,0.612715287708206,"y"
"754",4,"Trp","2E2",36,43.61276,0.04361276,12,4547464.778,2201203.122,3293634.791,2705205.276,2404163,0.0004361276,1.81405170947228e-10,0.687140799042529,"y"
"755",4,"Trp","WT",39,39.14562,0.03914562,15,5746618.025,5939719.721,5791547.495,6217792.647,2621758,0.0003914562,1.49310577101319e-10,0.565570367808027,"y"
"756",4,"Trp","2E2",39,36.0499,0.0360499,15,5721506.052,4081785.521,4797377.8,4153604.64,2621758,0.000360499,1.3750277485565e-10,0.520843844150191,"y"
"757",4,"Trp","WT",42,37.2128,0.0372128,18,7819230.487,5987923.764,7564220.303,7705037.119,2859048,0.000372128,1.30158010638506e-10,0.493022767570099,"y"
"758",4,"Trp","2E2",42,43.01928,0.04301928,18,7190955.841,4986082.576,5174280.881,5102004.744,2859048,0.0004301928,1.50467148505377e-10,0.569951320096124,"y"
"759",4,"Trp","WT",45,31.7993,0.0317993,21,8509244.733,7450580.665,8799230.115,8958767.472,3117814,0.000317993,1.01992293318331e-10,0.386334444387619,"y"
"760",4,"Trp","2E2",45,35.34414,0.03534414,21,7466849.872,5389233.029,6089684.621,5669192.497,3117814,0.0003534414,1.13361926016113e-10,0.429401234909517,"y"
"761",4,"Trp","WT",48,25.25498,0.02525498,24,9664763.795,7535145.677,11657920.66,11265308.57,3400000,0.0002525498,7.42793529411765e-11,0.281361185383244,"y"
"762",4,"Trp","2E2",48,30.40382,0.03040382,24,7975440.379,5336415.658,8389830.125,7063534.228,3400000,0.0003040382,8.9423e-11,0.338723484848485,"y"
"773",4,"Val","WT",36,553.8348,0.5538348,12,5222866.14,3551167.807,3449043.25,4074330.628,2404163,0.005538348,2.30364912861565e-09,8.72594366899869,"y"
"774",4,"Val","2E2",36,581.742,0.581742,12,4547464.778,2201203.122,3293634.791,2705205.276,2404163,0.00581742,2.4197277805207e-09,9.1656355322754,"y"
"775",4,"Val","WT",39,576.9198,0.5769198,15,5746618.025,5939719.721,5791547.495,6217792.647,2621758,0.005769198,2.20050744576731e-09,8.33525547639131,"y"
"776",4,"Val","2E2",39,528.903,0.528903,15,5721506.052,4081785.521,4797377.8,4153604.64,2621758,0.00528903,2.01736010722576e-09,7.64151555767334,"y"
"777",4,"Val","WT",42,533.52,0.53352,18,7819230.487,5987923.764,7564220.303,7705037.119,2859048,0.0053352,1.86607570072276e-09,7.06846856334378,"y"
"778",4,"Val","2E2",42,576.3042,0.5763042,18,7190955.841,4986082.576,5174280.881,5102004.744,2859048,0.005763042,2.01572061749226e-09,7.63530536928885,"y"
"779",4,"Val","WT",45,432.5616,0.4325616,21,8509244.733,7450580.665,8799230.115,8958767.472,3117814,0.004325616,1.38738744517794e-09,5.25525547415885,"y"
"780",4,"Val","2E2",45,454.4154,0.4544154,21,7466849.872,5389233.029,6089684.621,5669192.497,3117814,0.004544154,1.45748078621752e-09,5.52076055385425,"y"
"781",4,"Val","WT",48,369.873,0.369873,24,9664763.795,7535145.677,11657920.66,11265308.57,3400000,0.00369873,1.08786176470588e-09,4.1206885026738,"y"
"782",4,"Val","2E2",48,406.9116,0.4069116,24,7975440.379,5336415.658,8389830.125,7063534.228,3400000,0.004069116,1.19679882352941e-09,4.53332887700535,"y"
