"condition","replicate","timepoint","metabolite","mmol_L","mmol_cell","mmol_gDW"
"WT",1,36,"glucose",13.1441639468017,5.46725157437398e-08,207.092862665681
"WT",1,36,"lactate",7.73756660746004,3.21840349737519e-08,121.909223385424
"2E2",1,36,"glucose",13.3384400186505,5.54805976909656e-08,210.153779132446
"2E2",1,36,"lactate",3.1860568383659,1.32522496950743e-08,50.1979155116451
"WT",1,39,"glucose",12.8222207420236,4.89069576292838e-08,185.253627383651
"WT",1,39,"lactate",8.98090586145648,3.4255281614308e-08,129.754854599651
"2E2",1,39,"glucose",14.9481560425409,5.70157735479053e-08,215.968839196611
"2E2",1,39,"lactate",3.96314387211368,1.51163603662645e-08,57.2589407813048
"WT",1,42,"glucose",12.2393925264771,4.2809328582371e-08,162.156547660496
"WT",1,42,"lactate",9.98001776198934,3.49067863218433e-08,132.222675461528
"2E2",1,42,"glucose",14.9925620018206,5.24390006807183e-08,198.632578336054
"2E2",1,42,"lactate",4.48490230905862,1.56866981913512e-08,59.4193113308756
"WT",1,45,"glucose",12.0506671995382,3.86510138178165e-08,146.405355370517
"WT",1,45,"lactate",12.4444937833037,3.99141635238784e-08,151.190013348024
"2E2",1,45,"glucose",14.2432114389751,4.56833263272764e-08,173.042902754835
"2E2",1,45,"lactate",4.67362344582593,1.49900649808678e-08,56.7805491699537
"WT",1,48,"glucose",10.9183152379049,3.2112691876191e-08,121.638984379511
"WT",1,48,"lactate",13.7433392539964,4.0421586041166e-08,153.11206833775
"2E2",1,48,"glucose",14.6761695419525,4.31652045351545e-08,163.504562633161
"2E2",1,48,"lactate",5.25088809946714,1.54437885278445e-08,58.4991989691081
"WT",2,36,"glucose",13.4716578964897,5.60347110262063e-08,212.252693281084
"WT",2,36,"lactate",7.32682060390764,3.04755567900664e-08,115.437715113888
"2E2",2,36,"glucose",14.9426052976309,6.21530457694879e-08,235.428203672303
"2E2",2,36,"lactate",2.98623445825933,1.24210981462543e-08,47.0496141903573
"WT",2,39,"glucose",12.2282910366571,4.66415704144209e-08,176.67261520614
"WT",2,39,"lactate",7.97069271758437,3.04020917170249e-08,115.159438322064
"2E2",2,39,"glucose",14.4541397455539,5.51314795093744e-08,208.831361777933
"2E2",2,39,"lactate",3.25266429840142,1.24064246143291e-08,46.9940326300344
"WT",2,42,"glucose",13.4494549168498,4.70417247868865e-08,178.188351465479
"WT",2,42,"lactate",10.1909413854352,3.56445270783672e-08,135.017148024118
"2E2",2,42,"glucose",14.9037500832612,5.21283660969007e-08,197.45593218523
"2E2",2,42,"lactate",3.70781527531084,1.29687059304735e-08,49.1238861002783
"WT",2,45,"glucose",13.8324563156376,4.43658804394283e-08,168.052577422077
"WT",2,45,"lactate",12.7220248667851,4.08043099004145e-08,154.561779925812
"2E2",2,45,"glucose",14.0766890916761,4.51492266430137e-08,171.019797890203
"2E2",2,45,"lactate",3.85213143872114,1.2355231706321e-08,46.8001200997006
"WT",2,48,"glucose",11.5622016474611,3.40064754337091e-08,128.812406945868
"WT",2,48,"lactate",12.8330373001776,3.77442273534636e-08,142.970558157059
"2E2",2,48,"glucose",13.8768622749173,4.08143008085803e-08,154.599624274925
"2E2",2,48,"lactate",4.22957371225577,1.24399226831052e-08,47.1209192541864
"WT",3,36,"glucose",14.0822398365861,5.8574397146059e-08,221.872716462345
"WT",3,36,"lactate",8.03730017761989,3.34307622969819e-08,126.631675367356
"2E2",3,36,"glucose",14.7427784808721,6.1321875766627e-08,232.279832449345
"2E2",3,36,"lactate",3.68561278863233,1.53301285671243e-08,58.0686688148648
"WT",3,39,"glucose",12.1672328426475,4.64086801399957e-08,175.790455075741
"WT",3,39,"lactate",8.99200710479574,3.4297624360432e-08,129.915243789515
"2E2",3,39,"glucose",14.1877039898754,5.41152310391556e-08,204.981935754377
"2E2",3,39,"lactate",3.8854351687389,1.48199611433965e-08,56.1362164522596
"WT",3,42,"glucose",11.4456360043518,4.00330319895006e-08,151.640272687502
"WT",3,42,"lactate",10.1465364120782,3.54892132348885e-08,134.428838010941
"2E2",3,42,"glucose",14.4041830413642,5.03810465629264e-08,190.837297586842
"2E2",3,42,"lactate",4.60701598579041,1.61138112609176e-08,61.0371638671123
"WT",3,45,"glucose",11.3901285552521,3.65324184035742e-08,138.380372740811
"WT",3,45,"lactate",11.8783303730018,3.80982649157447e-08,144.311609529336
"2E2",3,45,"glucose",14.3431248473545,4.60037861378341e-08,174.256765673614
"2E2",3,45,"lactate",5.11767317939609,1.64142991833255e-08,62.1753756944149
"WT",3,48,"glucose",11.6232598414707,3.41860583572668e-08,129.492645292677
"WT",3,48,"lactate",14.1318827708703,4.15643610907951e-08,157.440761707557
"2E2",3,48,"glucose",13.3717444881103,3.9328660259148e-08,148.972197951318
"2E2",3,48,"lactate",5.19538188277087,1.52805349493261e-08,57.8808142019928
"WT",4,36,"glucose",13.5216146006794,5.62425035269215e-08,213.039786086824
"WT",4,36,"lactate",7.5044404973357,3.12143581667953e-08,118.236205177255
"2E2",4,36,"glucose",14.2987188880748,5.9474831315825e-08,225.283451953883
"2E2",4,36,"lactate",2.83081705150977,1.17746469416166e-08,44.6009353849112
"WT",4,39,"glucose",12.6001909456249,4.80600839041014e-08,182.04577236402
"WT",4,39,"lactate",8.54795737122558,3.26039145154724e-08,123.499676194971
"2E2",4,39,"glucose",14.2376606940651,5.43057776273216e-08,205.703703133794
"2E2",4,39,"lactate",3.27486678507993,1.24911101065771e-08,47.3148110097616
"WT",4,42,"glucose",11.5344479229113,4.03436665733183e-08,152.816918838327
"WT",4,42,"lactate",10.0244227353464,3.5062100165322e-08,132.810985474705
"2E2",4,42,"glucose",12.6279446701747,4.41683548865732e-08,167.304374570353
"2E2",4,42,"lactate",3.29706927175844,1.15320528782953e-08,43.6820184783912
"WT",4,45,"glucose",13.3883967228402,4.29416146147275e-08,162.657631116392
"WT",4,45,"lactate",12.8441385435169,4.11959743060903e-08,156.045357220039
"2E2",4,45,"glucose",13.0997579875219,4.2015841828672e-08,159.150916017697
"2E2",4,45,"lactate",3.78552397868561,1.21415965759523e-08,45.9908961210314
"WT",4,48,"glucose",10.4242989409179,3.06597027674055e-08,116.135237755324
"WT",4,48,"lactate",13.0439609236234,3.83645909518337e-08,145.320420272097
"2E2",4,48,"glucose",13.754745886898,4.04551349614648e-08,153.239147581306
"2E2",4,48,"lactate",4.34058614564831,1.27664298401421e-08,48.357688788417
"WT",1,36,"Asn",0.05009984,2.08387867211999e-10,0.789347981863631
"2E2",1,36,"Asn",0.05738628,2.38695462828436e-10,0.904149480410741
"WT",1,39,"Asn",0.05041148,1.92281209783664e-10,0.728337915847213
"2E2",1,39,"Asn",0.05938226,2.26497868987145e-10,0.857946473436156
"WT",1,42,"Asn",0.0464863,1.62593632565805e-10,0.615884971840171
"2E2",1,42,"Asn",0.0544999,1.90622542888402e-10,0.722055086698492
"WT",1,45,"Asn",0.04618208,1.48123268418193e-10,0.561072986432549
"2E2",1,45,"Asn",0.0514206,1.64925168723984e-10,0.62471654819691
"WT",1,48,"Asn",0.03911824,1.15053647058824e-10,0.43580926916221
"2E2",1,48,"Asn",0.05225906,1.53703117647059e-10,0.582208778966132
"WT",2,36,"Asn",0.04924654,2.04838607032884e-10,0.775903814518501
"2E2",2,36,"Asn",0.05595422,2.32738878353922e-10,0.881586660431522
"WT",2,39,"Asn",0.0480445,1.83252992839156e-10,0.694140124390742
"2E2",2,39,"Asn",0.0662235,2.5259196310262e-10,0.956787739025078
"WT",2,42,"Asn",0.0421827,1.47541069614781e-10,0.558867687934776
"2E2",2,42,"Asn",0.053424,1.86859402150646e-10,0.707800765722144
"WT",2,45,"Asn",0.03856916,1.23705775905811e-10,0.468582484491708
"2E2",2,45,"Asn",0.05142802,1.6494896744963e-10,0.624806694884961
"WT",2,48,"Asn",0.0348369,1.02461470588235e-10,0.388111631016043
"2E2",2,48,"Asn",0.048601,1.42944117647059e-10,0.541454991087344
"WT",3,36,"Asn",0.04986982,2.07431110120237e-10,0.785723901970596
"WT",3,39,"Asn",0.04636758,1.76856826602608e-10,0.669912221979575
"2E2",3,39,"Asn",0.0601762,2.29526142382325e-10,0.869417205993656
"WT",3,42,"Asn",0.04371864,1.52913277426612e-10,0.579216959949288
"2E2",3,42,"Asn",0.04799256,1.67862029598664e-10,0.635841021207059
"WT",3,45,"Asn",0.03790136,1.21563890597707e-10,0.460469282567073
"2E2",3,45,"Asn",0.04977336,1.59641851630662e-10,0.604703983449476
"WT",3,48,"Asn",0.03280382,9.64818235294118e-11,0.365461452762923
"2E2",3,48,"Asn",0.04710216,1.38535764705882e-10,0.524756684491979
"WT",4,36,"Asn",0.05202162,2.16381418398004e-10,0.819626584840923
"2E2",4,36,"Asn",0.06278062,2.61132959786836e-10,0.989139999192562
"WT",4,39,"Asn",0.04810386,1.83479405803282e-10,0.694997749254855
"2E2",4,39,"Asn",0.05399534,2.05950892492747e-10,0.780117017017982
"WT",4,42,"Asn",0.04593722,1.60673133154812e-10,0.608610352859138
"2E2",4,42,"Asn",0.05940452,2.07777274113621e-10,0.787035129218261
"WT",4,45,"Asn",0.03469592,1.1128284111881e-10,0.421525913328824
"2E2",4,45,"Asn",0.0473025,1.51716875990678e-10,0.574685136328326
"WT",4,48,"Asn",0.02579934,7.58804117647059e-11,0.287425802139037
"2E2",4,48,"Asn",0.04044642,1.18960058823529e-10,0.45060628342246
"WT",1,36,"Ser",0.233024,9.69252084821204e-10,3.67140941220153
"2E2",1,36,"Ser",0.249568,1.03806605458948e-09,3.9320683885965
"WT",1,39,"Ser",0.225632,8.60613374689807e-10,3.2598991465523
"2E2",1,39,"Ser",0.224312,8.55578585056287e-10,3.24082797369806
"WT",1,42,"Ser",0.2156,7.54097168008372e-10,2.85642866669838
"2E2",1,42,"Ser",0.218768,7.65177779456658e-10,2.89840067976007
"WT",1,45,"Ser",0.183656,5.89053740858178e-10,2.23126416991734
"2E2",1,45,"Ser",0.249656,8.00740518837878e-10,3.03310802590105
"WT",1,48,"Ser",0.191312,5.62682352941177e-10,2.13137254901961
"2E2",1,48,"Ser",0.22792,6.70352941176471e-10,2.53921568627451
"WT",2,36,"Ser",0.207064,8.61272717365669e-10,3.26239665668814
"2E2",2,36,"Ser",0.24376,1.01390795881976e-09,3.84056045007486
"WT",2,39,"Ser",0.214456,8.17985489125999e-10,3.09842988305302
"2E2",2,39,"Ser",0.295768,1.12812853055087e-09,4.27321413087452
"WT",2,42,"Ser",0.20592,7.20239744138608e-10,2.72818084900988
"2E2",2,42,"Ser",0.255024,8.91989221587046e-10,3.37874705146608
"WT",2,45,"Ser",0.19228,6.16714146514192e-10,2.33603843376588
"2E2",2,45,"Ser",0.207944,6.66954475154708e-10,2.52634270891935
"WT",2,48,"Ser",0.216392,6.36447058823529e-10,2.41078431372549
"2E2",2,48,"Ser",0.222288,6.53788235294118e-10,2.47647058823529
"WT",3,36,"Ser",0.224136,9.32282877658462e-10,3.53137453658508
"WT",3,39,"Ser",0.239536,9.13646492162892e-10,3.46078216728368
"2E2",3,39,"Ser",0.253616,9.67350914920447e-10,3.6642080110623
"WT",3,42,"Ser",0.212432,7.43016556560086e-10,2.81445665363669
"2E2",3,42,"Ser",0.221584,7.75027211855135e-10,2.93570913581491
"WT",3,45,"Ser",0.217448,6.97437371183784e-10,2.641808224181
"2E2",3,45,"Ser",0.234784,7.53040431533119e-10,2.85242587701939
"WT",3,48,"Ser",0.201344,5.92188235294118e-10,2.24313725490196
"2E2",3,48,"Ser",0.219648,6.46023529411765e-10,2.44705882352941
"WT",4,36,"Ser",0.255024,1.06076002334284e-09,4.01803039145016
"2E2",4,36,"Ser",0.320672,1.33381971189142e-09,5.05234739352809
"WT",4,39,"Ser",0.219032,8.35439426522204e-10,3.16454328228107
"2E2",4,39,"Ser",0.263208,1.00393705292403e-09,3.80279186713648
"WT",4,42,"Ser",0.21252,7.43324351322538e-10,2.8156225428884
"2E2",4,42,"Ser",0.274648,9.6062745361393e-10,3.63874035459822
"WT",4,45,"Ser",0.184096,5.9046498604471e-10,2.2366097956239
"2E2",4,45,"Ser",0.203192,6.51713027140169e-10,2.46860995128852
"WT",4,48,"Ser",0.133584,3.92894117647059e-10,1.48823529411765
"2E2",4,48,"Ser",0.178,5.23529411764706e-10,1.98306595365419
"WT",1,36,"Gln",3.674456,1.52837224431122e-08,57.8928880420917
"2E2",1,36,"Gln",3.135394,1.30415200633235e-08,49.3996972095587
"WT",1,39,"Gln",3.64419,1.38997954807423e-08,52.6507404573572
"2E2",1,39,"Gln",3.600836,1.37344331551577e-08,52.0243680119611
"WT",1,42,"Gln",3.30472,1.15588125837691e-08,43.7833809991255
"2E2",1,42,"Gln",2.929258,1.02455712530884e-08,38.8089820192744
"WT",1,45,"Gln",2.885086,9.25355393233849e-09,35.0513406527973
"2E2",1,45,"Gln",3.159934,1.01350946528561e-08,38.3905100486975
"WT",1,48,"Gln",3.006968,8.84402352941176e-09,33.5000891265597
"2E2",1,48,"Gln",3.406152,1.00180941176471e-08,37.9473262032086
"WT",2,36,"Gln",3.244188,1.349404345712e-08,51.1138009739394
"2E2",2,36,"Gln",3.417604,1.42153589419686e-08,53.8460565983658
"WT",2,39,"Gln",3.360344,1.28171402547451e-08,48.5497736922163
"2E2",2,39,"Gln",3.340712,1.27422592016502e-08,48.2661333395841
"WT",2,42,"Gln",2.888358,1.01025166419032e-08,38.2671084920575
"2E2",2,42,"Gln",3.17793,1.11153432890948e-08,42.1035730647531
"WT",2,45,"Gln",3.316172,1.06362085743409e-08,40.2886688422003
"2E2",2,45,"Gln",2.62987,8.43498040614354e-09,31.9506833566043
"WT",2,48,"Gln",3.146846,9.25542941176471e-09,35.058444741533
"2E2",2,48,"Gln",3.538668,1.04078470588235e-08,39.4236631016043
"WT",3,36,"Gln",3.811062,1.58519285090071e-08,60.045183746239
"WT",3,39,"Gln",3.490406,1.33132272314989e-08,50.4288910284048
"2E2",3,39,"Gln",3.307992,1.2617457446492e-08,47.7933994185303
"WT",3,42,"Gln",3.147664,1.10094828768177e-08,41.7025866546126
"2E2",3,42,"Gln",3.258094,1.13957303270179e-08,43.1656451780983
"WT",3,45,"Gln",3.37425,1.08224865242122e-08,40.9942671371673
"2E2",3,45,"Gln",3.263002,1.04656724230503e-08,39.64269857216
"WT",3,48,"Gln",3.08795,9.08220588235294e-09,34.4022950089126
"2E2",3,48,"Gln",3.174658,9.33722941176471e-09,35.3682932263815
"WT",4,36,"Gln",4.082638,1.69815357777322e-08,64.3239991580765
"2E2",4,36,"Gln",4.386934,1.82472403077495e-08,69.1183344990512
"WT",4,39,"Gln",3.734988,1.42461203513063e-08,53.9625770882813
"2E2",4,39,"Gln",3.520672,1.34286688550202e-08,50.8661699053795
"WT",4,42,"Gln",3.51331,1.2288391100814e-08,46.5469359879317
"2E2",4,42,"Gln",3.712902,1.29864976033981e-08,49.1912788007502
"WT",4,45,"Gln",2.829462,9.07514688175754e-09,34.3755563702937
"2E2",4,45,"Gln",3.187746,1.02242981781466e-08,38.7284021899493
"WT",4,48,"Gln",2.5358,7.45823529411765e-09,28.2508912655971
"2E2",4,48,"Gln",2.759932,8.11744705882353e-09,30.7479055258467
"WT",1,36,"Asp",0.03283608,1.36580090451438e-10,0.517348827467567
"2E2",1,36,"Asp",0.04316856,1.79557542479441e-10,0.680142206361518
"WT",1,39,"Asp",0.02563944,9.77948384252093e-11,0.370434994034884
"2E2",1,39,"Asp",0.03684048,1.40518232422672e-10,0.532266031904061
"WT",1,42,"Asp",0.02207496,7.72108757880245e-11,0.292465438591002
"2E2",1,42,"Asp",0.033558,1.17374734527017e-10,0.444601267147793
"WT",1,45,"Asp",0.01829616,5.86826539363798e-11,0.222282780062045
"2E2",1,45,"Asp",0.02386848,7.65551761586804e-11,0.289981727873789
"WT",1,48,"Asp",0.0131412,3.86505882352941e-11,0.146403743315508
"2E2",1,48,"Asp",0.01692,4.97647058823529e-11,0.188502673796791
"WT",2,36,"Asp",0.03323088,1.38222242002726e-10,0.523569098495175
"2E2",2,36,"Asp",0.03945744,1.64121317897331e-10,0.62167165870201
"WT",2,39,"Asp",0.0257184,9.80960103869236e-11,0.371575796920165
"2E2",2,39,"Asp",0.04316856,1.6465501392577e-10,0.623693234567312
"WT",2,42,"Asp",0.01949184,6.81759802563651e-11,0.258242349455928
"2E2",2,42,"Asp",0.0332196,1.16191123758678e-10,0.440117893025294
"WT",2,45,"Asp",0.01602888,5.14106357852008e-11,0.194737256762124
"2E2",2,45,"Asp",0.02381208,7.63742801847705e-11,0.289296515851403
"WT",2,48,"Asp",0.01611912,4.74091764705882e-11,0.179580213903743
"2E2",2,48,"Asp",0.02054088,6.04143529411765e-11,0.228842245989305
"WT",3,36,"Asp",0.03247512,1.35078694747403e-10,0.511661722528041
"WT",3,39,"Asp",0.02694792,1.02785688076474e-10,0.389339727562401
"2E2",3,39,"Asp",0.03150504,1.20167612723981e-10,0.455180351227202
"WT",3,42,"Asp",0.02568456,8.9836057316981e-11,0.340288095897655
"2E2",3,42,"Asp",0.02033784,7.11350071772142e-11,0.269450784762175
"WT",3,45,"Asp",0.01893912,6.07448680389529e-11,0.230094197117246
"2E2",3,45,"Asp",0.01813824,5.8176145209432e-11,0.220364186399364
"WT",3,48,"Asp",0.01611912,4.74091764705882e-11,0.179580213903743
"2E2",3,48,"Asp",0.0113928,3.35082352941176e-11,0.12692513368984
"WT",4,36,"Asp",0.02750064,1.1438758520117e-10,0.433286307580189
"2E2",4,36,"Asp",0.03721272,1.54784513362863e-10,0.586304974859328
"WT",4,39,"Asp",0.02290968,8.73828934630885e-11,0.330995808572305
"2E2",4,39,"Asp",0.02614704,9.97309438933723e-11,0.377768726868835
"WT",4,42,"Asp",0.01970616,6.89256004096469e-11,0.261081819733511
"2E2",4,42,"Asp",0.02102592,7.35416824061716e-11,0.278566978811256
"WT",4,45,"Asp",0.01345704,4.31617793749082e-11,0.163491588541319
"2E2",4,45,"Asp",0.01482192,4.75394619435284e-11,0.180073719483062
"WT",4,48,"Asp",0.007513608,2.20988470588235e-11,0.0837077540106952
"2E2",4,48,"Asp",0.009848568,2.89663764705882e-11,0.109721122994652
"WT",1,36,"Glu",0.08055958,3.35083686089504e-10,1.26925638670267
"2E2",1,36,"Glu",0.08653128,3.59922684110853e-10,1.3633435004199
"WT",1,39,"Glu",0.08016446,3.05766054685444e-10,1.15820475259638
"2E2",1,39,"Glu",0.07205552,2.74836655404503e-10,1.04104793713827
"WT",1,42,"Glu",0.07647368,2.67479524652961e-10,1.01318001762485
"2E2",1,42,"Glu",0.05699606,1.99353281232074e-10,0.755126065273009
"WT",1,45,"Glu",0.06400944,2.05302304755832e-10,0.777660245287243
"2E2",1,45,"Glu",0.04659722,1.49454778251685e-10,0.566116584286687
"WT",1,48,"Glu",0.05619684,1.65284823529412e-10,0.626078877005348
"2E2",1,48,"Glu",0.0465164,1.36812941176471e-10,0.518230837789661
"WT",2,36,"Glu",0.08663904,3.60370906631539e-10,1.36504131299825
"2E2",2,36,"Glu",0.0881387,3.66608670044419e-10,1.38866920471371
"WT",2,39,"Glu",0.08585778,3.2748171265235e-10,1.24046103277405
"2E2",2,39,"Glu",0.0941104,3.5895914115643e-10,1.35969371650163
"WT",2,42,"Glu",0.06376698,2.23035709788713e-10,0.844832234048155
"2E2",2,42,"Glu",0.07787456,2.72379337457783e-10,1.03173991461282
"WT",2,45,"Glu",0.06000436,1.92456509592939e-10,0.729001930276285
"2E2",2,45,"Glu",0.06588626,2.11321971098981e-10,0.800462011738566
"WT",2,48,"Glu",0.05411348,1.59157294117647e-10,0.602868538324421
"2E2",2,48,"Glu",0.05974394,1.75717470588235e-10,0.665596479500891
"WT",3,36,"Glu",0.08094572,3.36689816788629e-10,1.27534021510844
"WT",3,39,"Glu",0.0801016,3.0552629190032e-10,1.15729656022849
"2E2",3,39,"Glu",0.06387474,2.43633241511993e-10,0.922853187545428
"WT",3,42,"Glu",0.07672512,2.68358978233314e-10,1.0165112811868
"2E2",3,42,"Glu",0.05511924,1.92788788435871e-10,0.730260562257087
"WT",3,45,"Glu",0.06130646,1.96632833132445e-10,0.744821337622897
"2E2",3,45,"Glu",0.04929122,1.58095447643766e-10,0.598846392590022
"WT",3,48,"Glu",0.061513,1.80920588235294e-10,0.685305258467023
"2E2",3,48,"Glu",0.03010096,8.85322352941177e-11,0.335349376114082
"WT",4,36,"Glu",0.07041218,2.92876065391573e-10,1.10937903557414
"2E2",4,36,"Glu",0.07416582,3.08489149862135e-10,1.16851950705354
"WT",4,39,"Glu",0.07028646,2.68089045594597e-10,1.01548880907044
"2E2",4,39,"Glu",0.06606586,2.51990687164872e-10,0.954510178654818
"WT",4,42,"Glu",0.06234814,2.18073078871009e-10,0.826034389662912
"2E2",4,42,"Glu",0.05421226,1.89616473735313e-10,0.718244218694368
"WT",4,45,"Glu",0.04406486,1.4133254902313e-10,0.535350564481552
"2E2",4,45,"Glu",0.03114264,9.98861381724503e-11,0.378356583986554
"WT",4,48,"Glu",0.02866416,8.43063529411765e-11,0.319342245989305
"2E2",4,48,"Glu",0.02538646,7.46660588235294e-11,0.282825980392157
"WT",1,36,"Pro",0.1582644,6.5829313569837e-10,2.49353460491807
"2E2",1,36,"Pro",0.1618056,6.73022586238953e-10,2.54932797817785
"WT",1,39,"Pro",0.1422836,5.42703025984854e-10,2.05569328024566
"2E2",1,39,"Pro",0.1544508,5.89111580855289e-10,2.23148326081549
"WT",1,42,"Pro",0.1478224,5.17033641967536e-10,1.95846076502855
"2E2",1,42,"Pro",0.1350196,4.72253701232018e-10,1.78883977739401
"WT",1,45,"Pro",0.143918,4.61599056261855e-10,1.74848127371915
"2E2",1,45,"Pro",0.1549956,4.97129078258036e-10,1.88306469037135
"WT",1,48,"Pro",0.1314784,3.86701176470588e-10,1.46477718360071
"2E2",1,48,"Pro",0.1522716,4.47857647058824e-10,1.69643048128342
"WT",2,36,"Pro",0.1377436,5.72937858206785e-10,2.17021915987419
"2E2",2,36,"Pro",0.1667088,6.93417210064376e-10,2.62658034115294
"WT",2,39,"Pro",0.15436,5.88765248356256e-10,2.23017139528885
"2E2",2,39,"Pro",0.1626228,6.20281505768267e-10,2.34955115821313
"WT",2,42,"Pro",0.1415572,4.95120053948027e-10,1.87545474980313
"2E2",2,42,"Pro",0.1687064,5.90078935365898e-10,2.23514748244658
"WT",2,45,"Pro",0.1438272,4.61307826573362e-10,1.7473781309597
"2E2",2,45,"Pro",0.1590816,5.10234414240234e-10,1.93270611454634
"WT",2,48,"Pro",0.132568,3.89905882352941e-10,1.47691622103387
"2E2",2,48,"Pro",0.153452,4.51329411764706e-10,1.70958110516934
"WT",3,36,"Pro",0.155722,6.47718145566669e-10,2.45347782411617
"WT",3,39,"Pro",0.1397412,5.33005716011928e-10,2.01896104549973
"2E2",3,39,"Pro",0.1585368,6.04696543311778e-10,2.29051720951431
"WT",3,42,"Pro",0.135746,4.74794407089353e-10,1.79846366321725
"2E2",3,42,"Pro",0.1351104,4.72571289464185e-10,1.79004276312191
"WT",3,45,"Pro",0.1327496,4.25777804577181e-10,1.6127947143075
"2E2",3,45,"Pro",0.1460064,4.68297339097201e-10,1.77385355718637
"WT",3,48,"Pro",0.1311152,3.85632941176471e-10,1.46073083778966
"2E2",3,48,"Pro",0.1349288,3.96849411764706e-10,1.5032174688057
"WT",4,36,"Pro",0.1617148,6.72644908019964e-10,2.5478973788635
"2E2",4,36,"Pro",0.1746992,7.26652893335435e-10,2.75247308081604
"WT",4,39,"Pro",0.143918,5.4893701096745e-10,2.07930685972519
"2E2",4,39,"Pro",0.1510004,5.75950945892031e-10,2.18163237080315
"WT",4,42,"Pro",0.154814,5.41487935844379e-10,2.05109066607719
"2E2",4,42,"Pro",0.1778772,6.22155346814744e-10,2.35664904096494
"WT",4,45,"Pro",0.1190388,3.81802121614695e-10,1.44622015763142
"2E2",4,45,"Pro",0.1388332,4.45290193706231e-10,1.68670527919027
"WT",4,48,"Pro",0.093978,2.76405882352941e-10,1.04699197860963
"2E2",4,48,"Pro",0.1210364,3.55989411764706e-10,1.34844474153298
"WT",1,36,"Val",0.4692924,1.9519990949033e-09,7.3939359655428
"2E2",1,36,"Val",0.5024322,2.08984249404055e-09,7.91607005318388
"WT",1,39,"Val",0.4595454,1.75281395155464e-09,6.63944678619183
"2E2",1,39,"Val",0.5147442,1.96335512278403e-09,7.43695122266676
"WT",1,42,"Val",0.4646754,1.62528016318719e-09,6.15636425449692
"2E2",1,42,"Val",0.4241484,1.48353018207459e-09,5.61943250785831
"WT",1,45,"Val",0.425277,1.36402299816474e-09,5.16675378092704
"2E2",1,45,"Val",0.4567752,1.46504955074292e-09,5.54943011645047
"WT",1,48,"Val",0.4081428,1.20042e-09,4.54704545454546
"2E2",1,48,"Val",0.4500036,1.32354e-09,5.01340909090909
"WT",2,36,"Val",0.4126572,1.71642771309599e-09,6.50162012536361
"2E2",2,36,"Val",0.4778082,1.98742015412433e-09,7.52810664441032
"WT",2,39,"Val",0.5015088,1.91287220254501e-09,7.24572803994322
"2E2",2,39,"Val",0.538137,2.05258074925298e-09,7.77492708050372
"WT",2,42,"Val",0.4590324,1.60554282404493e-09,6.08160160623078
"2E2",2,42,"Val",0.5372136,1.87899468634315e-09,7.11740411493616
"WT",2,45,"Val",0.497097,1.59437670111174e-09,6.03930568602932
"2E2",2,45,"Val",0.4657014,1.49367922525205e-09,5.65787585322747
"WT",2,48,"Val",0.4799628,1.41165529411765e-09,5.34717914438503
"2E2",2,48,"Val",0.4880682,1.43549470588235e-09,5.43747994652406
"WT",3,36,"Val",0.4830408,2.00918490135652e-09,7.61054886877471
"WT",3,39,"Val",0.5035608,1.92069901188439e-09,7.27537504501664
"2E2",3,39,"Val",0.5389578,2.05571147298874e-09,7.78678588253309
"WT",3,42,"Val",0.5069466,1.7731307763983e-09,6.71640445605416
"2E2",3,42,"Val",0.5061258,1.77025989070488e-09,6.70552988903363
"WT",3,45,"Val",0.5021244,1.61050146031803e-09,6.10038431938648
"2E2",3,45,"Val",0.5405994,1.73390522975392e-09,6.56782283997698
"WT",3,48,"Val",0.5076648,1.49313176470588e-09,5.65580213903743
"2E2",3,48,"Val",0.506844,1.49071764705882e-09,5.64665775401069
"WT",4,36,"Val",0.5538348,2.30364912861565e-09,8.72594366899869
"2E2",4,36,"Val",0.581742,2.4197277805207e-09,9.1656355322754
"WT",4,39,"Val",0.5769198,2.20050744576731e-09,8.33525547639131
"2E2",4,39,"Val",0.528903,2.01736010722576e-09,7.64151555767334
"WT",4,42,"Val",0.53352,1.86607570072276e-09,7.06846856334378
"2E2",4,42,"Val",0.5763042,2.01572061749226e-09,7.63530536928885
"WT",4,45,"Val",0.4325616,1.38738744517794e-09,5.25525547415885
"2E2",4,45,"Val",0.4544154,1.45748078621752e-09,5.52076055385425
"WT",4,48,"Val",0.369873,1.08786176470588e-09,4.1206885026738
"2E2",4,48,"Val",0.4069116,1.19679882352941e-09,4.53332887700535
"WT",1,36,"Met",0.258804,1.07648275096156e-09,4.0775861778847
"2E2",1,36,"Met",0.2576664,1.07175095864964e-09,4.05966272215774
"WT",1,39,"Met",0.2387064,9.10482203162916e-10,3.44879622410195
"2E2",1,39,"Met",0.2733084,1.04246234778343e-09,3.94872101433119
"WT",1,42,"Met",0.2610792,9.13168299377975e-10,3.45897083097718
"2E2",1,42,"Met",0.2596572,9.08194615830164e-10,3.4401311205688
"WT",1,45,"Met",0.2274252,7.29437997263467e-10,2.76302271690707
"2E2",1,45,"Met",0.2737824,8.781229412659e-10,3.32622326237083
"WT",1,48,"Met",0.22989,6.76147058823529e-10,2.56116310160428
"2E2",1,48,"Met",0.2513148,7.39161176470588e-10,2.79985294117647
"WT",2,36,"Met",0.2490396,1.03586820028426e-09,3.92374318289491
"2E2",2,36,"Met",0.2566236,1.06741348236372e-09,4.04323288774135
"WT",2,39,"Met",0.2479968,9.45917968019932e-10,3.58302260613611
"2E2",2,39,"Met",0.2738772,1.04463188440733e-09,3.95693895608838
"WT",2,42,"Met",0.2443944,8.54810412417e-10,3.23791822885227
"2E2",2,42,"Met",0.2699904,9.44336716277586e-10,3.57703301620298
"WT",2,45,"Met",0.2447736,7.85080829068059e-10,2.97379101919719
"2E2",2,45,"Met",0.2339664,7.5041808138651e-10,2.84249273252466
"WT",2,48,"Met",0.2255292,6.63321176470588e-10,2.51258021390374
"2E2",2,48,"Met",0.2570028,7.55890588235294e-10,2.86322192513369
"WT",3,36,"Met",0.249324,1.03705114836224e-09,3.92822404682665
"WT",3,39,"Met",0.2471436,9.42663663084083e-10,3.57069569350032
"2E2",3,39,"Met",0.2740668,1.04535506328197e-09,3.95967827000745
"WT",3,42,"Met",0.2509356,8.77689356736928e-10,3.32458089673079
"2E2",3,42,"Met",0.238896,8.35578836032134e-10,3.16507134860657
"WT",3,45,"Met",0.2172816,6.96903663913242e-10,2.63978660573198
"2E2",3,45,"Met",0.2543484,8.1579080727715e-10,3.09011669423163
"WT",3,48,"Met",0.2506512,7.37209411764706e-10,2.79245989304813
"2E2",3,48,"Met",0.2401284,7.0626e-10,2.67522727272727
"WT",4,36,"Met",0.2509356,1.04375452080412e-09,3.95361560910652
"2E2",4,36,"Met",0.2925528,1.21685925621516e-09,4.60931536445135
"WT",4,39,"Met",0.24885,9.4917227295578e-10,3.59534951877189
"2E2",4,39,"Met",0.233208,8.8951001579856e-10,3.36935612044909
"WT",4,42,"Met",0.2478072,8.66747252931745e-10,3.28313353383237
"2E2",4,42,"Met",0.2800392,9.79484080015446e-10,3.71016696975548
"WT",4,45,"Met",0.2023032,6.48862311863376e-10,2.45781178736127
"2E2",4,45,"Met",0.2253396,7.22748695079309e-10,2.73768445105799
"WT",4,48,"Met",0.1705452,5.01603529411765e-10,1.90001336898396
"2E2",4,48,"Met",0.2240124,6.5886e-10,2.49568181818182
"WT",1,36,"Tyr",0.2564352,1.06662984165383e-09,4.04026455171906
"2E2",1,36,"Tyr",0.2698866,1.12258029093701e-09,4.25219807173111
"WT",1,39,"Tyr",0.2426976,9.25705576182088e-10,3.50646051584124
"2E2",1,39,"Tyr",0.2595834,9.90111978298531e-10,3.75042416022171
"WT",1,42,"Tyr",0.2522376,8.82243320154121e-10,3.34183075815955
"2E2",1,42,"Tyr",0.24804,8.67561509985142e-10,3.28621784085281
"WT",1,45,"Tyr",0.234684,7.52719693990726e-10,2.85121096208608
"2E2",1,45,"Tyr",0.2460366,7.89131744228488e-10,2.98913539480488
"WT",1,48,"Tyr",0.237546,6.98664705882353e-10,2.64645721925134
"2E2",1,48,"Tyr",0.2583432,7.59832941176471e-10,2.8781550802139
"WT",2,36,"Tyr",0.226575,9.4242778047911e-10,3.56980219878451
"2E2",2,36,"Tyr",0.2448918,1.01861562631153e-09,3.8583925239073
"WT",2,39,"Tyr",0.2477538,9.44991109019216e-10,3.57951177658794
"2E2",2,39,"Tyr",0.2855322,1.08908678833058e-09,4.12532874367643
"WT",2,42,"Tyr",0.2384046,8.33860082097258e-10,3.15856091703507
"2E2",2,42,"Tyr",0.2355426,8.23849756982044e-10,3.12064301887138
"WT",2,45,"Tyr",0.2495664,8.00453137999894e-10,3.03201946212081
"2E2",2,45,"Tyr",0.2336346,7.49353874220848e-10,2.83846164477594
"WT",2,48,"Tyr",0.24804,7.29529411764706e-10,2.76336898395722
"2E2",2,48,"Tyr",0.2516652,7.40191764705882e-10,2.80375668449198
"WT",3,36,"Tyr",0.2391678,9.94806924488897e-10,3.76820804730643
"WT",3,39,"Tyr",0.244224,9.31527623831033e-10,3.5285137266327
"2E2",3,39,"Tyr",0.2515698,9.59546228141575e-10,3.63464480356657
"WT",3,42,"Tyr",0.2468952,8.63557379939057e-10,3.27105068158734
"2E2",3,42,"Tyr",0.2277198,7.96488201667128e-10,3.01700076389064
"WT",3,45,"Tyr",0.238023,7.63429120531244e-10,2.89177697170926
"2E2",3,45,"Tyr",0.2613006,8.3808912269943e-10,3.17458001022511
"WT",3,48,"Tyr",0.2387862,7.02312352941176e-10,2.66027406417112
"2E2",3,48,"Tyr",0.2403126,7.06801764705882e-10,2.67727941176471
"WT",4,36,"Tyr",0.2502342,1.04083708134598e-09,3.94256470206811
"2E2",4,36,"Tyr",0.2760876,1.14837305124486e-09,4.34989792138205
"WT",4,39,"Tyr",0.2336346,8.91137168266484e-10,3.37551957676698
"2E2",4,39,"Tyr",0.2555766,9.74829103220053e-10,3.69253448189414
"WT",4,42,"Tyr",0.2560536,8.95590420307739e-10,3.39238795571113
"2E2",4,42,"Tyr",0.2734164,9.56319726006699e-10,3.62242320457083
"WT",4,45,"Tyr",0.1939482,6.22064690196401e-10,2.35630564468334
"2E2",4,45,"Tyr",0.2099754,6.73469937590889e-10,2.55102249087458
"WT",4,48,"Tyr",0.1701936,5.00569411764706e-10,1.89609625668449
"2E2",4,48,"Tyr",0.2025342,5.95688823529412e-10,2.25639705882353
"WT",1,36,"Phe",0.2500032,1.0398762479915e-09,3.938925181786
"2E2",1,36,"Phe",0.251952,1.04798218756382e-09,3.96962949834781
"WT",1,39,"Phe",0.2397952,9.14635141763656e-10,3.46452705213506
"2E2",1,39,"Phe",0.2504672,9.55340653103757e-10,3.61871459508999
"WT",1,42,"Phe",0.2536224,8.8708689046144e-10,3.36017761538424
"2E2",1,42,"Phe",0.2233696,7.81272647398715e-10,2.95936608863149
"WT",1,45,"Phe",0.2319072,7.43813453913543e-10,2.81747520421797
"2E2",1,45,"Phe",0.2472192,7.92924786404834e-10,3.00350297880619
"WT",1,48,"Phe",0.2322784,6.83171764705882e-10,2.58777183600713
"2E2",1,48,"Phe",0.2439712,7.17562352941177e-10,2.71803921568627
"WT",2,36,"Phe",0.2191936,9.117252033244e-10,3.45350455804697
"2E2",2,36,"Phe",0.2378464,9.89310624945147e-10,3.74738873085283
"WT",2,39,"Phe",0.245456,9.36226760822318e-10,3.54631348796333
"2E2",2,39,"Phe",0.2619744,9.99231813157431e-10,3.78496898923269
"WT",2,42,"Phe",0.2332992,8.16003089140161e-10,3.09092079219758
"2E2",2,42,"Phe",0.2573344,9.00070233168523e-10,3.40935694382016
"WT",2,45,"Phe",0.2382176,7.64053275788742e-10,2.89414119616948
"2E2",2,45,"Phe",0.2328352,7.46789898306955e-10,2.82874961479907
"WT",2,48,"Phe",0.2294016,6.74710588235294e-10,2.55572192513369
"2E2",2,48,"Phe",0.24824,7.30117647058824e-10,2.76559714795009
"WT",3,36,"Phe",0.2359904,9.81590682495322e-10,3.71814652460349
"WT",3,39,"Phe",0.244992,9.34456955981445e-10,3.5396096817479
"2E2",3,39,"Phe",0.2530656,9.65251560212651e-10,3.65625590989641
"WT",3,42,"Phe",0.2435072,8.51707281584639e-10,3.22616394539636
"2E2",3,42,"Phe",0.22736,7.95229740808829e-10,3.01223386670011
"WT",3,45,"Phe",0.2279168,7.31014743021874e-10,2.76899523871922
"2E2",3,45,"Phe",0.2535296,8.13164608280032e-10,3.0801689707577
"WT",3,48,"Phe",0.2321856,6.82898823529412e-10,2.58673796791444
"2E2",3,48,"Phe",0.2314432,6.80715294117647e-10,2.57846702317291
"WT",4,36,"Phe",0.239424,9.95872576027499e-10,3.77224460616477
"2E2",4,36,"Phe",0.2701408,1.12363762357211e-09,4.25620311959133
"WT",4,39,"Phe",0.2407232,9.18174751445404e-10,3.47793466456592
"2E2",4,39,"Phe",0.2349696,8.96229171418567e-10,3.39480746749457
"WT",4,42,"Phe",0.2393312,8.37101021039171e-10,3.17083720090595
"2E2",4,42,"Phe",0.2617888,9.15650244417023e-10,3.46837213794327
"WT",4,45,"Phe",0.2006336,6.43507277855574e-10,2.43752756763475
"2E2",4,45,"Phe",0.2095424,6.72081144032325e-10,2.54576190921335
"WT",4,48,"Phe",0.1625856,4.78192941176471e-10,1.81133689839572
"2E2",4,48,"Phe",0.1861568,5.4752e-10,2.07393939393939
"WT",1,36,"Trp",0.04152756,1.72731882156077e-10,0.654287432409382
"2E2",1,36,"Trp",0.04285086,1.78236084658153e-10,0.675136684311187
"WT",1,39,"Trp",0.04076566,1.55489789675477e-10,0.588976476043474
"2E2",1,39,"Trp",0.04200074,1.60200674509242e-10,0.60682073677743
"WT",1,42,"Trp",0.04159172,1.45474017924848e-10,0.551037946685029
"2E2",1,42,"Trp",0.03854412,1.3481452567428e-10,0.510661082099547
"WT",1,45,"Trp",0.03572108,1.14570914108411e-10,0.433980735259131
"2E2",1,45,"Trp",0.040501,1.29901912044785e-10,0.492052697139338
"WT",1,48,"Trp",0.03670754,1.07963352941176e-10,0.408952094474153
"2E2",1,48,"Trp",0.0403005,1.18530882352941e-10,0.448980614973262
"WT",2,36,"Trp",0.03654714,1.52016065466443e-10,0.575818429797132
"2E2",2,36,"Trp",0.03834362,1.5948843734805e-10,0.604122868742614
"WT",2,39,"Trp",0.03738924,1.42611331785771e-10,0.540194438582467
"2E2",2,39,"Trp",0.04399772,1.67817624662536e-10,0.635672820691423
"WT",2,42,"Trp",0.0361301,1.26371085760015e-10,0.478678355151573
"2E2",2,42,"Trp",0.04035664,1.41154118433828e-10,0.534674691037228
"WT",2,45,"Trp",0.03727696,1.19561205383002e-10,0.452883353723494
"2E2",2,45,"Trp",0.03593762,1.15265439182709e-10,0.436611512055718
"WT",2,48,"Trp",0.03443788,1.01287882352941e-10,0.383666221033868
"2E2",2,48,"Trp",0.03878472,1.14072705882353e-10,0.432093582887701
"WT",3,36,"Trp",0.03634664,1.51182095390371e-10,0.572659452236253
"WT",3,39,"Trp",0.03872858,1.47719888715892e-10,0.559545033014743
"2E2",3,39,"Trp",0.04137518,1.57814641931101e-10,0.597782734587504
"WT",3,42,"Trp",0.03718072,1.30045805456921e-10,0.492597747942884
"2E2",3,42,"Trp",0.03732508,1.30550728774053e-10,0.494510336265354
"WT",3,45,"Trp",0.03483086,1.11715644358515e-10,0.423165319539831
"2E2",3,45,"Trp",0.03946642,1.26583625578691e-10,0.479483430222313
"WT",3,48,"Trp",0.03547246,1.04330764705882e-10,0.395192290552585
"2E2",3,48,"Trp",0.03822332,1.12421529411765e-10,0.425839126559715
"WT",4,36,"Trp",0.03888898,1.61756835954966e-10,0.612715287708206
"2E2",4,36,"Trp",0.04361276,1.81405170947228e-10,0.687140799042529
"WT",4,39,"Trp",0.03914562,1.49310577101319e-10,0.565570367808027
"2E2",4,39,"Trp",0.0360499,1.3750277485565e-10,0.520843844150191
"WT",4,42,"Trp",0.0372128,1.30158010638506e-10,0.493022767570099
"2E2",4,42,"Trp",0.04301928,1.50467148505377e-10,0.569951320096124
"WT",4,45,"Trp",0.0317993,1.01992293318331e-10,0.386334444387619
"2E2",4,45,"Trp",0.03534414,1.13361926016113e-10,0.429401234909517
"WT",4,48,"Trp",0.02525498,7.42793529411765e-11,0.281361185383244
"2E2",4,48,"Trp",0.03040382,8.9423e-11,0.338723484848485
