timepoint,experiment_id,condition,cells
6,1,WT,5813.094353
12,1,WT,8614.295238
18,1,WT,14805.89888
24,1,WT,27914.03612
30,1,WT,35491.25413
36,1,WT,58466.78177
42,1,WT,74085.20573
48,1,WT,58402.12659
54,1,WT,98760.20185
6,2,WT,6739.258614
12,2,WT,5963.069349
18,2,WT,21963.18969
24,2,WT,35016.84797
30,2,WT,43791.94946
36,2,WT,73680.64358
42,2,WT,73221.76934
6,3,WT,15368.16056
12,3,WT,19697.25286
18,3,WT,32681.89506
24,3,WT,52595.55861
30,3,WT,82700.65135
36,3,WT,90516.02713
42,3,WT,128339.4512
48,3,WT,104527.6139
54,3,WT,107998.0892
6,4,WT,4472.787356
12,4,WT,9578.347164
18,4,WT,19521.92344
24,4,WT,22842.85414
30,4,WT,41641.64579
36,4,WT,61245.44533
42,4,WT,83124.68073
48,4,WT,83306.42768
54,4,WT,90622.12811
6,1,KO,8696.269439
12,1,KO,10076.53527
18,1,KO,15679.18377
24,1,KO,24478.88795
30,1,KO,26806.30333
36,1,KO,49460.58368
42,1,KO,69070.22091
48,1,KO,51630.97604
54,1,KO,87173.90707
6,2,KO,7780.793046
12,2,KO,6277.079377
18,2,KO,19777.34668
24,2,KO,51542.78812
30,2,KO,41047.90897
36,2,KO,65235.79662
42,2,KO,89502.91058
6,3,KO,21724.43362
12,3,KO,18624.48402
18,3,KO,30178.42405
24,3,KO,39674.31092
30,3,KO,74909.94537
36,3,KO,79314.64885
42,3,KO,114449.0576
48,3,KO,124572.2317
54,3,KO,130126.9039
6,4,KO,4380.424815
12,4,KO,7795.333454
18,4,KO,14196.31579
24,4,KO,16292.3053
30,4,KO,25293.00722
36,4,KO,35390.49309
42,4,KO,64620.19169
48,4,KO,56514.00323
54,4,KO,81087.38649
