time_points,condition,rep1,rep2,rep3,rep4,actual_tp,cells
12,WT,5222866.14,3551167.807,3449043.25,4074330.628,36,2404163
15,WT,5746618.025,5939719.721,5791547.495,6217792.647,39,2621758
18,WT,7819230.487,5987923.764,7564220.303,7705037.119,42,2859048
21,WT,8509244.733,7450580.665,8799230.115,8958767.472,45,3117814
24,WT,9664763.795,7535145.677,11657920.66,11265308.57,48,3400000
12,KO,4547464.778,2201203.122,3293634.791,2705205.276,36,2404163
15,KO,5721506.052,4081785.521,4797377.8,4153604.64,39,2621758
18,KO,7190955.841,4986082.576,5174280.881,5102004.744,42,2859048
21,KO,7466849.872,5389233.029,6089684.621,5669192.497,45,3117814
24,KO,7975440.379,5336415.658,8389830.125,7063534.228,48,3400000
