rxn,rxnName,subsystem,associated_genes,mean_sample_WT_model,mean_sample_KO_model,std_sample_WT_model,std_sample_KO_model,ks_stats,ks_pVal,cohen_effect,log2FC,raw_diff,mets_in,mets_out
EX_lac__L_e,"L-Lactate exchange","Extracellular exchange",,2.58712121212122,0.00874999999999741,2.8487538040019e-13,8.27532875204373e-14,-1,0,12291756569064.1,8.20784891664919+0i,2.57837121212123,lac__L_e,
L_LACt2r,"L lactate reversible transport via proton symport","TRANSPORT, EXTRACELLULAR",100768407 or 100775004 or 100756769 or 100772122 or 100757367,-2.58712121212122,-0.00874999999999741,2.8487538040019e-13,8.27532875204373e-14,1,0,12291756569064.1,8.20784891664919+0i,-2.57837121212123,h_e; lac__L_e,h_c; lac__L_c
ATPM,"ATP maintenance requirement","Biomass and maintenance functions",,203.593606654405,242.269174836067,1.16558151845971e-12,1.19401033598312e-12,1,0,32779195573162.4,-0.250918596979105+0i,-38.6755681816622,atp_c; h2o_c,adp_c; h_c; pi_c
NADH2_u10m_cho,"NADH dehydrogenase, mitochondrial","OXIDATIVE PHOSPHORYLATION",100689328 and 100754444 and (100775032 or 100764988) and 100766611 and 100760870 and 100750797 and 100755602 and (100770579 or 100770644) and 100773563 and 100767451 and 100772543 and 100757306 and 100762893 and 100754039 and 100774095 and 100757431 and 100762129 and 100757916 and 100765445 and 100754222 and 100752642 and 100759795 and 100754681 and 100689361 and 100757245 and 100757242 and 100761076 and 100754223 and 100768067 and 100761333 and 100773999 and 100770445 and 100751523 and 100766693 and 100755890 and 100766880 and 100766442 and 100765100 and 3979183 and 3979184 and 3979190 and 3979179 and 3979178 and 3979180 and 3979181,66.7314296748752,79.6232857523657,7.36885709570513e-11,5.35806563127682e-07,1,0,34026902.2277461,-0.254823994306097+0i,-12.8918560774905,h_m; nadh_m; q10_m,h_im[intermembrane space of mitochondria]; nad_m; q10h2_m
CYOR_u10m_cho,"Ubiquinol-10 cytochrome c reductase, Complex III","OXIDATIVE PHOSPHORYLATION",100750822 and 100759002 and 100762374 and 100763175 and 100766032 and 100766805 and 100768142 and (100771461 or 100765588) and 100774773 and 3979182,84.7722956929139,100.24252299598,7.74177412557977e-11,9.61342927993181e-07,1,0,22757961.34447,-0.24182986938476+0i,-15.4702273030663,ficytC_m; h_m; q10h2_m,focytC_m; h_im[intermembrane space of mitochondria]; q10_m
ATPS4m_cho,"ATP synthase (four protons for one ATP)","OXIDATIVE PHOSPHORYLATION",100770431 and 100763024 and (100760824 or 100766108 or 103162776) and 3979188 and 100774535 and (100772366 or 100771114 or 100752739 or 100754380) and 100771541 and 100766302 and 103160361 and (100757815 or 100769978) and 100756936 and 3979187,193.889873214246,229.987070246337,1.85300812568995e-10,1.97782095295727e-06,1,0,25810802.1891771,-0.246315301820441+0i,-36.097197032091,adp_m; h_im[intermembrane space of mitochondria]; pi_m,atp_m; h2o_m; h_m
LDH_L,"L-lactate dehydrogenase","GLYCOLYSIS/GLUCONEOGENESIS",(100770347 and 100689064) or 100689064 or 100770347 or 100770821,-2.58712121212122,-0.00874402999999729,2.8487538040019e-13,9.14882235288759e-06,1,0,398562.332857876,8.20883358281572+0i,-2.57837718212123,lac__L_c; nad_c,h_c; nadh_c; pyr_c
CO2t,"CO2 transporter via diffusion","TRANSPORT, EXTRACELLULAR",100773231 or s0001,-40.5345084312901,-48.2780095284015,0.00086028091436074,0.00251066337635679,-1,0,4126.27031834732,-0.252215548546781+0i,7.74350109711137,co2_e,co2_c
EX_co2_e,"CO2 exchange","Extracellular exchange",,40.5345084312901,48.2780095284015,0.00086028091436074,0.00251066337635679,1,0,4126.27031834732,-0.252215548546781+0i,-7.74350109711137,co2_e,
O2tm,"O2 transport  diffusion ","TRANSPORT, MITOCHONDRIAL",,42.3861677364567,50.1115449185831,9.8811296936479e-06,0.0652335215047261,1,0,167.480350716358,-0.241549482353599+0i,-7.72537718212634,o2_c,o2_m
OIVD3m,"2-oxoisovalerate dehydrogenase (acylating; 3-methyl-2-oxopentanoate), mitochondrial","VALINE, LEUCINE, AND ISOLEUCINE METABOLISM",(100759869 and 100774277 and 100774234 and 100689437) or (100774234 and 100774277 and 100759869 and 100774281),0.446569276694041,0.037688869279378,0.43827313808174,0.177845733125196,-0.4665,3.13801151165337e-191,1.22254885458656,3.56667358146376+0i,0.408880407414663,3mop_m; coa_m; nad_m,2mbcoa_m; co2_m; nadh_m
r0604,"(S)-2-methylbutanoyl-CoA:enzyme N6-(dihydrolipoyl)lysine S-(2-methylbutanoyl)transferase Valine, leucine and isoleucine degradation EC:2.3.1.168","UNASSIGNED",,0.429916055384545,0.838796462804621,0.438273138081737,0.177845733126349,0.467,1.22480904826976e-191,1.22254885460163,-0.964265788276104+0i,-0.408880407420076,HC01376_m; coa_m,2mbcoa_m; dhlam_m
r0670,"(S)-3-Methyl-2-oxopentanoate:[dihydrolipoyllysine-residue (2-methylpropanoyl)transferase] lipoyllysine 2-oxidoreductase (decarboxylating, acceptor-2-methylpropanoylating) EC:1.2.4.4","UNASSIGNED",,0.429916055384545,0.838796462804621,0.438273138081737,0.177845733126349,0.4665,3.13801151165337e-191,1.22254885460163,-0.964265788276104+0i,-0.408880407420076,3mop_m; h_m; lpam_m,HC01376_m; co2_m
O2Stx,"Superoxide anion transport via diffusion (peroxisome)","TRANSPORT, PEROXISOMAL",,0.473862282597368,0.0982727579824714,0.638522717593476,0.268248897026886,-0.3435,5.14403921098515e-104,0.766933599082042,2.26960438305327+0i,0.375589524614897,o2s_c,o2s_x
GLYtm,"Glycine passive transport to mitochondria","TRANSPORT, MITOCHONDRIAL",,0.323541281610085,-0.0679874506121295,0.424133111642361,0.272348541704113,-0.4615,3.61778619512853e-187,1.09852070227589,2.25060942399137+4.53236014182719i,0.391528732222215,gly_c,gly_m
THRA,"Threonine aldolase","GLYCINE, SERINE, AND THREONINE METABOLISM",100769555,0.489199141838327,0.0976704096138965,0.424133111640144,0.272348541705239,-0.461,9.16672966477431e-187,1.09852070228485,2.32442842079968+0i,0.391528732224431,thr__L_c,acald_c; gly_c
GLYATm,"Glycine C-acetyltransferase","GLYCINE, SERINE, ALANINE AND THREONINE METABOLISM",100752849,-0.367539626701672,-0.759068358932003,0.424133111639813,0.272348541707509,-0.461,9.16672966477431e-187,1.09852070229934,-1.04633001121591+0i,0.391528732230331,accoa_m; gly_m,2aobut_m; coa_m
ACALDtm,"Acetaldehyde mitochondrial diffusion","TRANSPORT, MITOCHONDRIAL",,-0.489195556831509,-0.0976680196130827,0.424132640826428,0.272348769731571,0.457,1.50186085793246e-183,1.0985179443213,2.32445315149968+0i,-0.391527537218426,acald_m,acald_c
ALDD2xm,"Aldehyde dehydrogenase  acetylaldehyde  NAD   mitochondrial","GLYCOLYSIS/GLUCONEOGENESIS",100765516 or 100772225,0.489195556831509,0.0976680196130827,0.424132640826428,0.272348769731571,-0.457,1.50186085793229e-183,1.0985179443213,2.32445315149968+0i,0.391527537218426,acald_m; h2o_m; nad_m,ac_m; h_m; nadh_m
r0009,"Pyrophosphate phosphohydrolase EC:3.6.1.1","PURINE CATABOLISM",100769185 or 100771604 or 100756805,0.453078588456819,0.0646235484489136,0.64283768580494,0.286250283756245,-0.302,1.44993268498732e-80,0.780682462303231,2.80962943811959+0i,0.388455040007906,h2o_x; ppi_x,h_x; pi_x
PPItx,"Diphosphate transporter, peroxisome","TRANSPORT, PEROXISOMAL",,0.34023514240468,-0.048218677599171,0.642837632960694,0.286250560267522,-0.2995,3.00406047004534e-79,0.78067993921652,2.81886817204297+4.53236014182719i,0.388453820003851,ppi_c,ppi_x
EX_o2_e,"O2 exchange","Extracellular exchange",,-42.4299230419026,-50.1025666965397,0.269122929800402,0.311897686670442,-1,0,26.339634298109,-0.239802450997013+0i,7.67264365463709,o2_e,
O2t,"O2 transport  diffusion ","TRANSPORT, EXTRACELLULAR",,42.4299205419029,50.1093280964411,0.269122929800396,0.314962889543798,1,0,26.2148674125219,-0.239997216246719+0i,-7.67940755453821,o2_e,o2_c
EX_h2o_e,"H2O exchange","Extracellular exchange",,42.1003200539477,49.366413229953,0.512445974625724,0.377868078581502,1,0,16.1392012240941,-0.229698627369364+0i,-7.26609317600524,h2o_e,
H2Ot,"H2O transport via diffusion","TRANSPORT, EXTRACELLULAR",100767281 or 100765026 or 100752599 or 100770342 or 100751558 or 100768567 or 100772598 or 100773231 or 100760137 or 100758981 or 100762692 or 100773918 or 100773344 or 100750886,-42.100341023942,-49.3664404524759,0.512445932695419,0.377868528291331,-1,0,16.1392092021399,-0.22969870432599+0i,7.26609942853386,h2o_e,h2o_c
MDHm,"Malate dehydrogenase  mitochondrial","CITRIC ACID CYCLE",100763194,13.3193986414803,15.7855791651875,0.577079556232955,0.387837961190109,1,0,5.01613222386548,-0.245078245864287+0i,-2.46618052370719,mal__L_m; nad_m,h_m; nadh_m; oaa_m
SUCD1m,"Succinate dehydrogenase","CITRIC ACID CYCLE",100750732 and 100774657 and 100689402 and 100771246,15.1189285858132,17.6751402503513,0.39358402333929,0.406353476464257,1,0,6.39021433859098,-0.225365757193414+0i,-2.55621166453807,fad_m; succ_m,fadh2_m; fum_m
SUCOAS1m,"Succinyl-CoA ligase (GDP-forming)","CITRIC ACID CYCLE",100751457 and 100752265,-14.7735729799537,-17.3297846444622,0.393584023340204,0.406353476482081,-1,0,6.3902143383652,-0.230234943128614+0i,2.55621166450847,coa_m; gtp_m; succ_m,gdp_m; pi_m; succoa_m
PItx,"Phosphate transporter, peroxisome","TRANSPORT, PEROXISOMAL",,-0.975205180977556,-0.184248570716796,1.28802125101301,0.589856846026195,0.29,2.39930737073605e-74,0.78958985994052,2.40405236273843+0i,-0.79095661026076,pi_c,pi_x
PPA,"Inorganic diphosphatase","OXIDATIVE PHOSPHORYLATION",100769185 or 100771604,0.000682347271759342,0.367966736685941,0.0305154976783082,0.599130311209251,0.284,2.48263735964047e-71,0.865831911991671,-9.07485347364282+0i,-0.367284389414182,h2o_c; ppi_c,h_c; pi_c
PIt2m,"Phosphate transporter  mitochondrial","TRANSPORT, MITOCHONDRIAL",100758020,217.522156716729,259.154259772732,0.687633594977968,0.641713349643103,1,0,62.5980849654705,-0.25264874703237+0i,-41.6321030560024,h_c; pi_c,h_m; pi_m
FUMm,"Fumarase  mitochondrial","CITRIC ACID CYCLE",100773218,13.9273402203219,15.9521531764486,0.950527415375014,0.645723528451505,1,0,2.49193712121389,-0.195831403073336+0i,-2.0248129561267,fum_m; h2o_m,mal__L_m
FUM,"Fumarase","CITRIC ACID CYCLE",100773218,1.50946480681106,2.04086512522216,0.95859245908448,0.728623293749445,0.302,1.44993268498741e-80,0.624142918650385,-0.435143721253387+0i,-0.531400318411103,fum_c; h2o_c,mal__L_c
FUMtm,"Fumarate transport, mitochondrial","TRANSPORT, MITOCHONDRIAL",100766192,-1.19158030049127,-1.72297712890268,0.958592489103125,0.728624030874022,-0.3005,8.96349574082871e-80,0.624138575953874,-0.532027373209984+0i,0.531396828411409,fum_c; pi_m,fum_m; pi_c
EX_h_e,"H+ exchange","Extracellular exchange",,5.33966583050077,3.69093242817862,1.02485690291937,0.755656813029034,-0.8035,0,1.83116380332882,0.532764131656559+0i,1.64873340232215,h_e,
ABUTt2r,"4 aminobutyrate reversible transport in via proton symport","TRANSPORT, EXTRACELLULAR",100765800 or 100766093,-2.83360986444093,-3.77677032653431,1.02485686953449,0.757188678870011,-0.895,0,1.04677223858677,-0.414511913519466+0i,0.943160462093379,4abut_e; h_e,4abut_c; h_c
ABUTt4_2_r,"ABUTt4 LPAREN 2 RPAREN r","TRANSPORT, EXTRACELLULAR",100752749 or 100760370 or 100752493 or 100752445,2.83360986444064,3.77677032653431,1.02485686953437,0.757188678870011,0.895,0,1.04677223858718,-0.414511913519612+0i,-0.943160462093667,4abut_e; na1_e,4abut_c; na1_c
r0756,"3-Methoxy-4-hydroxyphenylglycolaldehyde:NAD+ oxidoreductase Tyrosine metabolism EC:1.2.1.5","UNASSIGNED",100772225 or 100757371 or 100765516,23.3173263734913,29.0814078963669,0.937455480611097,0.795501680586729,1,0,6.63010040866649,-0.318694740279692+0i,-5.76408152287556,3m4hpga_m; h2o_m; nad_m,3mox4hoxm_m; h_m; nadh_m
r0757,"3-Methoxy-4-hydroxyphenylglycolaldehyde:NADP+ oxidoreductase Tyrosine metabolism EC:1.2.1.5","UNASSIGNED",100772225 or 100757371 or 100765516,-23.3173263734913,-29.0814078963669,0.937455480611097,0.795501680586729,-1,0,6.63010040866649,-0.318694740279692+0i,5.76408152287556,3m4hpga_m; h2o_m; nadp_m,3mox4hoxm_m; h_m; nadph_m
ASP1DC,"Aspartate 1-decarboxylase","BETA-ALANINE METABOLISM",100765882 or 100757642,0.203662624551109,0.503728524887279,0.572367789147807,0.806326896240968,0.23,4.92165423618916e-47,0.429154572244828,-1.30646518325101+0i,-0.30006590033617,asp__L_c; h_c,ala_B_c; co2_c
APAT2rm,"3-Aminopropanoate:2-oxoglutarate aminotransferase (m)","BETA-ALANINE METABOLISM",100765485,0.203663754553295,0.503732449887477,0.572368995870476,0.806328819855619,0.303,4.28291700673545e-81,0.429157585714356,-1.30646841990634+0i,-0.300068695334182,akg_m; ala_B_m,glu__L_m; msa_m
BALAtmr,"Beta-alanine transport, mitochondria","TRANSPORT, MITOCHONDRIAL",,0.203663754553295,0.503732449887477,0.572368995870476,0.806328819855619,0.303,4.28291700673545e-81,0.429157585714356,-1.30646841990634+0i,-0.300068695334182,ala_B_c,ala_B_m
ACONTm,"Aconitate hydratase","CITRIC ACID CYCLE",100759203,25.2963236840331,31.2746036947332,1.0157397128981,0.861608812765772,1,0,6.34749811670144,-0.306063869763515+0i,-5.97828001070014,cit_m,icit_m
ICDHym,"Isocitrate dehydrogenase  NADP ","CITRIC ACID CYCLE",103158535,25.2963236840331,31.2746036947332,1.0157397128981,0.861608812765772,1,0,6.34749811670144,-0.306063869763515+0i,-5.97828001070014,icit_m; nadp_m,akg_m; co2_m; nadph_m
ACONT,"Aconitate hydratase","CITRIC ACID CYCLE",100766024 or 100759203,-12.1699787529627,-15.569887548168,1.01573971289846,0.861608820882638,-0.9395,0,3.6098868823171,-0.355431875430156+0i,3.3999087952053,cit_c,icit_c
r0082,"Oxalosuccinate:NADP+ oxidoreductase (decarboxylating) Citrate cycle (TCA cycle) EC:1.1.1.42","UNASSIGNED",,-12.1879332697077,-15.5783902701089,1.03766885643863,0.867788127239075,-0.931,0,3.54462174486714,-0.354092659807029+0i,3.39045700040122,HC01434_c; h_c,akg_c; co2_c
r0422,"Isocitrate:NADP+ oxidoreductase (decarboxylating) Citrate cycle (TCA cycle) EC:1.1.1.42","UNASSIGNED",,-12.1879332697077,-15.5783902701089,1.03766885643863,0.867788127239075,-0.931,0,3.54462174486714,-0.354092659807029+0i,3.39045700040122,icit_c; nadp_c,HC01434_c; h_c; nadph_c
MMSAD3m,"Methylmalonate-semialdehyde dehydrogenase (acylating)","PROPANOATE METABOLISM",100754996,0.423874292571705,0.746102538907913,0.703414011963338,0.922491893457758,0.302,1.44993268498732e-80,0.392817797871508,-0.815737446167129+0i,-0.322228246336208,coa_m; msa_m; nad_m,accoa_m; co2_m; nadh_m
ME2,"Malic enzyme (NADP)","PYRUVATE METABOLISM",100767908,0.32377394862573,0.657452259574582,0.725731079037025,0.937054811814846,0.2915,4.13552787594096e-75,0.398145970274033,-1.02189922920045+0i,-0.333678310948852,mal__L_c; nadp_c,co2_c; nadph_c; pyr_c
PYRtm,"Pyruvate transport by free diffusion, mitochondrial","TRANSPORT, MITOCHONDRIAL",100756279 and 100766986,7.7385461955163,10.4360857521218,0.970651194987336,0.971301368101171,1,0,2.77817229595648,-0.43144623920919+0i,-2.69753955660552,pyr_c,pyr_m
GLUt2m,"Amino acid transporter (glu-L), mitochondrial","TRANSPORT, MITOCHONDRIAL",100756941 or 100752846,-11.646257635357,-14.8643181186747,1.13674012042983,1.02953124139262,-0.8985,0,2.96742764818569,-0.351986843851344+0i,3.21806048331778,glu__L_c; h_c,glu__L_m; h_m
r2374,"Mitochondrial Carrier (MC) TCDB:2.A.29.7.2","TRANSPORT, MITOCHONDRIAL",,-11.9769552725551,-15.4890433245487,1.32782559467787,1.0737651361168,-0.915,0,2.90857156903062,-0.370986839992002+0i,3.51208805199362,cit_m; oxa_c,cit_c; oxa_m
r2420,"Mitochondrial Carrier (MC) TCDB:2.A.29.2.7","TRANSPORT, MITOCHONDRIAL",,11.9769552725551,15.4890433245487,1.32782559467787,1.0737651361168,0.915,0,2.90857156903062,-0.370986839992002+0i,-3.51208805199362,oxa_c; pi_m,oxa_m; pi_c
LEUTAm,"Leucine transaminase  mitochondrial","VALINE, LEUCINE, AND ISOLEUCINE METABOLISM",100752344,8.70227678793131,11.8021182626866,1.02034818551763,1.1283786452694,0.9235,0,2.88164234446356,-0.439581010365588+0i,-3.09984147475529,akg_m; leu__L_m,4mop_m; glu__L_m
LEUt5m,"Leucine mitochondrial transport","TRANSPORT, MITOCHONDRIAL",,8.70227678793131,11.8021182626866,1.02034818551763,1.1283786452694,0.9235,0,2.88164234446356,-0.439581010365588+0i,-3.09984147475529,leu__L_c,leu__L_m
4MOPt2im,"4-methyl-2-oxopentanoate mitochondrial transport  via proton symport","TRANSPORT, MITOCHONDRIAL",,-7.94198478368985,-11.0418262584347,1.02034818551763,1.12837864528402,-0.9235,0,2.88164234443327,-0.475407303949121+0i,3.0998414747448,4mop_c; h_c,4mop_m; h_m
LEUTA,"Leucine transaminase","VALINE, LEUCINE, AND ISOLEUCINE METABOLISM",100763658,-7.94198478368985,-11.0418262584347,1.02034818551763,1.12837864528402,-0.9235,0,2.88164234443326,-0.47540730394912+0i,3.0998414747448,akg_c; leu__L_c,4mop_c; glu__L_c
r0357,"Glycolysis / Glyconeogenesis EC:2.7.1.1","FRUCTOSE AND MANNOSE METABOLISM",,1.34011731701919,0.18406256907731,2.87514457182394,1.15372389916957,-0.171,2.52845269623615e-26,0.527732139456425,2.86409112763719+0i,1.15605474794188,fru_c; itp_c,f6p_c; h_c; idp_c
r0355,"Glycolysis / Glyconeogenesis EC:2.7.1.1","GLYCOLYSIS/GLUCONEOGENESIS",,2.41980781515555,0.190122258310368,3.51204921265434,1.17701606323198,-0.3255,1.78935099659388e-93,0.851302353858038,3.66989312241026+0i,2.22968555684518,datp_c; glc__D_c,dadp_c; g6p_c; h_c
ITCOAL1m,"Itaconate--CoA ligase (GDP-forming), mitochondrial","C5-BRANCHED DIBASIC ACID METABOLISM",100751457 and 100752265,-191.6810216024,-227.858764185578,1.41781809936684,1.27816459674915,-1,0,26.8023249586899,-0.249432359957149+0i,36.1777425831779,coa_m; gtp_m; itacon_m,gdp_m; itaccoa_m; pi_m
ITCOALm,"Itaconate  CoA ligase  ADP forming   mitochondrial","C5-BRANCHED DIBASIC ACID METABOLISM",100751457 and 100761589,191.6810216024,227.858764185578,1.41781809936684,1.27816459674915,1,0,26.8023249586899,-0.249432359957149+0i,-36.1777425831779,atp_m; coa_m; itacon_m,adp_m; itaccoa_m; pi_m
r0801,"Mitochondrial Carrier (MC) TCDB:2.A.29.21.1","TRANSPORT, MITOCHONDRIAL",,-206.261561101946,-245.107694606421,1.48485026148978,1.27920516479142,-1,0,28.0305991086377,-0.248940789420073+0i,38.8461335044749,gdp_m; gtp_c,gdp_c; gtp_m
PNTOte,"Transport of (R)-Pantothenate","TRANSPORT, EXTRACELLULAR",,5.86505114975989,8.0018764902028,2.3742813964503,1.51437795083744,0.8955,0,1.07308047953826,-0.448194670495428+0i,-2.13682534044291,pnto__R_e,pnto__R_c
PNTOt4,"Pantothenate sodium symporter","TRANSPORT, EXTRACELLULAR",,-5.86505114975974,-8.00187649020276,2.37428139645038,1.51437795083744,-0.8955,0,1.0730804795383,-0.448194670495459+0i,2.13682534044303,na1_e; pnto__R_e,na1_c; pnto__R_c
r0409,"UTP:Sedoheptulose 7-phosphate 1-phosphotransferase EC:2.7.1.11","UNASSIGNED",,2.37474440116039,0.444117577343219,3.43496432706625,1.75056107644074,-0.263,2.82140639027212e-61,0.708196225882363,2.41875866471462+0i,1.93062682381717,s7p_c; utp_c,HC00361_c; h_c; udp_c
r0191,"UTP:D-fructose-6-phosphate 1-phosphotransferase EC:2.7.1.11","FRUCTOSE AND MANNOSE METABOLISM",,0.0220223592069599,0.506514261763249,0.401568274703123,1.86101800152162,0.0665,0.000134532375613277,0.359889169314997,-4.52356195606604+0i,-0.484491902556289,f6p_c; utp_c,fdp_c; h_c; udp_c
r0408,"ATP:Sedoheptulose 7-phosphate 1-phosphotransferase EC:2.7.1.11","UNASSIGNED",,0.0183519660054028,0.601944484993996,0.366671913289139,2.01455651357352,0.082,1.29989541750746e-06,0.403058583498768,-5.03562390977095+0i,-0.583592518988593,atp_c; s7p_c,HC00361_c; adp_c; h_c
CO2tm,"CO2 transport  diffusion   mitochondrial","TRANSPORT, MITOCHONDRIAL",,-23.1880225759751,-25.6968616942592,2.51363195815133,2.24194282842488,-0.4965,1.60979157108774e-216,1.05339729079142,-0.148212381409321+0i,2.50883911828411,co2_c,co2_m
H2Otm,"H2O transport  mitochondrial","TRANSPORT, MITOCHONDRIAL",100762692 or 100772598 or s0001,-217.240076022853,-255.821375249689,2.0689176680812,2.30751159198929,-1,0,17.6052615701401,-0.235846540930103+0i,38.5812992268358,h2o_c,h2o_m
r0784,"Xylitol:NAD oxidoreductase Pentose and glucuronate interconversions EC:1.1.1.15","PENTOSE PHOSPHATE PATHWAY",,-14.7327429596755,-17.9798943308215,2.34126252505634,2.39128270007614,-0.864,0,1.37218763204871,-0.287358483984459+0i,3.24715137114597,nad_c; xylt_c,h_c; nadh_c; xylu__L_c
XYLUR,"Xylulose reductase","PENTOSE PHOSPHATE PATHWAY",100769825,-14.732742959676,-17.9798943308215,2.34126252505629,2.39128270007615,-0.864,0,1.37218763204853,-0.287358483984414+0i,3.24715137114552,h_c; nadph_c; xylu__L_c,nadp_c; xylt_c
r0941,"Free diffusion","TRANSPORT, MITOCHONDRIAL",,-28.1490933320991,-36.2420257950101,2.57045015807135,2.41874885829597,-0.935,0,3.24268243617329,-0.364575144363019+0i,8.09293246291096,hco3_c,hco3_m
HCO3E,"HCO3 equilibration reaction","UREA CYCLE/AMINO GROUP METABOLISM",100774844 or 100774549 or 100772227 or 100771949 or 100760390 or 100769849 or 100772435,-27.2991753006228,-35.3921055735877,2.57045015807105,2.41874955074808,-0.935,0,3.24268112273903,-0.374570225761164+0i,8.09293027296491,co2_c; h2o_c,h_c; hco3_c
TALA,"Transaldolase","PENTOSE PHOSPHATE PATHWAY",100689344,-2.42630153481645,-1.07926723331476,3.44183412734269,2.56670339173661,0.208,1.34067972005704e-38,0.443692043884943,1.16870672683886+0i,-1.34703430150169,g3p_c; s7p_c,e4p_c; f6p_c
r0407,"Sedoheptulose 1,7-bisphosphate D-glyceraldehyde-3-phosphate-lyase Carbon fixation EC:4.1.2.13","UNASSIGNED",,2.39309636716579,1.04606206233721,3.4418341273425,2.56670339309575,-0.1835,3.34043615321598e-30,0.443692044896819,1.19391004517556+0i,1.34703430482858,HC00361_c,dhap_c; e4p_c
HCO3Em,"HCO3 equilibration reaction","UREA CYCLE/AMINO GROUP METABOLISM",100755419 or 100768750,29.7510337599383,37.8218066718652,2.65899257315339,2.58069479950214,0.931,0,3.0802875776415,-0.346278480929563+0i,-8.07077291192696,co2_m; h2o_m,h_m; hco3_m
PGI,"Glucose-6-phosphate isomerase","GLYCOLYSIS/GLUCONEOGENESIS",100689468,5.1890912600819,6.04749834876604,3.42190882076295,2.87878685084207,0.1315,7.28813504741151e-16,0.271473374427883,-0.220856561637958+0i,-0.858407088684142,g6p_c,f6p_c
RE1342C,"Aldehyde Reductase","FRUCTOSE AND MANNOSE METABOLISM",,-2.21810547757344,-1.35969838888912,3.42190882076397,2.87878685084263,0.139,1.22089477074287e-17,0.271473374427872,0.706041306246231+0i,-0.858407088684324,nad_c; sbt__D_c,glc__D_c; h_c; nadh_c
SBTD_D2,"D sorbitol dehydrogenase  D fructose producing ","FRUCTOSE AND MANNOSE METABOLISM",100751427,2.21810547757344,1.35969838888912,3.42190882076397,2.87878685084263,-0.139,1.22089477074286e-17,0.271473374427872,0.706041306246231+0i,0.858407088684324,nad_c; sbt__D_c,fru_c; h_c; nadh_c
PYK3,"Pyruvate kinase(3)","GLYCOLYSIS/GLUCONEOGENESIS",,1.68046520818851,0.698741289793001,4.72721124967881,3.13116002107557,-0.0650000000000001,0.000200214988229909,0.244855140402661,1.26603037469318+0i,0.981723918395509,gdp_c; h_c; pep_c,gtp_c; pyr_c
FBA,"Fructose-bisphosphate aldolase","GLYCOLYSIS/GLUCONEOGENESIS",100771717 or 100760749 or 100755179,4.22095218135517,5.42484115134623,3.62977391719181,3.22473225097554,0.1785,1.28307130326395e-28,0.350657675505591,-0.362012408315621+0i,-1.20388896999106,fdp_c,dhap_c; g3p_c
GK_adp,"ADP-dependent glucokinase","GLYCOLYSIS/GLUCONEOGENESIS",100754978,2.76418513077204,5.5106337567645,3.62806980601191,3.33442171224254,0.3795,8.44836111398759e-127,0.78822622424219,-0.995364003950937+0i,-2.74644862599246,adp_c; glc__D_c,amp_c; g6p_c; h_c
ADK1,"Adenylate kinase","NUCLEOTIDE INTERCONVERSION",100758717 or 100759346 or 100761703 or 100760489 or 100767050 or 100752880 or 100774576,3.68506797924694,6.44351825960554,3.63073385912417,3.3385943252811,0.3835,1.79926924486836e-129,0.790902637051801,-0.806157403778623+0i,-2.7584502803586,amp_c; atp_c,adp_c
DADK3,"Deoxyadenylate kinase (GTP)","NUCLEOTIDES",100758717,206.475448196549,245.666052359732,16.6961785497956,3.37507464551021,1,0,3.25374148347202,-0.250728268715136+0i,-39.1906041631829,damp_c; gtp_c,dadp_c; gdp_c
PFK,"Phosphofructokinase","GLYCOLYSIS/GLUCONEOGENESIS",100751501 or 100762127 or 100754270 or (100751501 and 100762127) or (100751501 and 100754270) or (100754270 and 100762127),4.19892982214572,4.91832688958251,3.63304759244085,3.45259438170927,0.1165,1.31537682703094e-12,0.202991877463367,-0.228145948568572+0i,-0.71939706743679,atp_c; f6p_c,adp_c; fdp_c; h_c
AKGDm,"2-oxoglutarate dehydrogenase","CITRIC ACID CYCLE",100689437 and 100758466 and (100764862 or 100769436),6.43585077207591,0.746259810796301,7.06677076624284,3.45886804946289,-0.409,3.66987253718009e-147,1.02268087417074,3.10838097653+0i,5.68959096127961,akg_m; coa_m; nad_m,co2_m; nadh_m; succoa_m
r0556,"Succinyl-CoA:enzyme N6-(dihydrolipoyl)lysine S-succinyltransferase Citrate cycle (TCA cycle) EC:2.3.1.61","UNASSIGNED",,-7.7556614044957,-16.0236235812988,7.06677076624145,3.45886805019986,-0.9555,0,1.48613263128764,-1.04687871064536+0i,8.26796217680312,dhlam_m; succoa_m,HC00695_m; coa_m
r1109,"Citrate oxaloacetate-lyase ((pro-3S)-CH2COO- -->acetate) Citrate cycle (TCA cycle) EC:4.1.3.6","UNASSIGNED",,-12.1020928956211,-14.7167495587725,3.45300771594608,3.78052630230286,-0.936,0,0.722186594409229,-0.282202499207586+0i,2.61465666315135,cit_m,ac_m; oaa_m
ACOAHim,"Acetyl CoA hydrolase  mitochondrial  irreversible ","PYRUVATE METABOLISM",,11.6128916637922,14.6190740941598,3.47240309900396,3.83178270266684,0.936,0,0.822145105764384,-0.332124685742353+0i,-3.00618243036755,accoa_m; h2o_m,ac_m; coa_m; h_m
PYK2,"Pyruvate kinase(2)","GLYCOLYSIS/GLUCONEOGENESIS",,2.36718453632716,1.11354863490506,5.48573515152519,3.91565423896363,-0.083,9.32115688938848e-07,0.263048542376947,1.08800760717193+0i,1.2536359014221,h_c; pep_c; udp_c,pyr_c; utp_c
PYK4,"Pyruvate kinase(4)","GLYCOLYSIS/GLUCONEOGENESIS",,2.65590392482009,1.12552158858975,5.73709446093294,3.92900333749529,-0.1015,9.58430269479362e-10,0.311251013611389,1.23860922996061+0i,1.53038233623034,cdp_c; h_c; pep_c,ctp_c; pyr_c
CPK1,"Adenylate kinase","NUCLEOTIDE INTERCONVERSION",100758717,2.61114042422014,1.0807580979729,5.73709446093319,3.92900335323478,-0.1405,5.24412330643167e-18,0.311251011182921,1.27263640007621+0i,1.53038232624724,cmp_c; ctp_c,cdp_c
CYTK10,"Cytidylate kinase (CMP,dGTP)","NUCLEOTIDE INTERCONVERSION",100758717,-2.52563555412974,-1.03130976179288,5.7070697341414,3.9290033689747,0.146,2.18919432581489e-19,0.305003472750977,1.29216875284726+0i,-1.49432579233686,cmp_c; dgtp_c,cdp_c; dgdp_c
PYK6,"RE2954","PYRIMIDINE SYNTHESIS",,2.22155930078078,1.14743002181234,5.31727946550207,3.96325095883425,-0.0715,3.34819596733659e-05,0.229055063171635,0.953166481334882+0i,1.07412927896844,dtdp_c; h_c; pep_c,dttp_c; pyr_c
IDPtn,"IDP nuclear transport","TRANSPORT, NUCLEAR",,2.20895855673139,1.13952068475024,5.32137327248162,3.96345882362666,-0.247,3.92293128484349e-54,0.227937535059308,0.954939239036715+0i,1.06943787198115,idp_c,idp_n
ITPtn,"ITP nuclear transport","TRANSPORT, NUCLEAR",,-2.20895855673139,-1.13952068475024,5.32137327248162,3.96345882362666,0.247,3.92293128484349e-54,0.227937535059308,0.954939239036715+0i,-1.06943787198115,itp_c,itp_n
NDPK9n,"Nucleoside-diphosphate kinase (ATP:IDP), nuclear","NUCLEOTIDE INTERCONVERSION",100765914 and 100765627,2.20895855673139,1.13952068475024,5.32137327248162,3.96345882362666,-0.247,3.92293128484349e-54,0.227937535059308,0.954939239036715+0i,1.06943787198115,atp_n; idp_n,adp_n; itp_n
DTDPtn,"DTDP nuclear transport","TRANSPORT, NUCLEAR",,-2.20896849672953,-1.13953063474991,5.3213732425337,3.96345883809332,0.186,5.18998246408517e-31,0.227937533455829,0.954933133759147+0i,-1.06943786197962,dtdp_c,dtdp_n
DTTPtn,"DTTP diffusion in nucleus","TRANSPORT, NUCLEAR",,2.20896849672953,1.13953063474991,5.3213732425337,3.96345883809332,-0.186,5.18998246408539e-31,0.227937533455828,0.954933133759145+0i,1.06943786197962,dttp_c,dttp_n
NDPK4n,"Nucleoside-diphosphate kinase (ATP:dTDP), nuclear","NUCLEOTIDE INTERCONVERSION",100765914 and 100765627,-2.20066487093019,-1.13953063474991,5.31174927279578,3.96345883809332,0.1865,3.56554034807915e-31,0.226431025766575,0.949499750562428+0i,-1.06113423618028,atp_n; dtdp_n,adp_n; dttp_n
AGPOP,"DGTP:pyruvate 2-O-phosphotransferase, cytosol","GLYCOLYSIS/GLUCONEOGENESIS",,1.98700378029086,1.19023168153241,5.09339791050513,4.02687657013682,-0.0519999999999999,0.00429494705964308,0.173542905344896,0.739352192312938+0i,0.796772098758449,dgdp_c; h_c; pep_c,dgtp_c; pyr_c
PYK,"Pyruvate kinase","GLYCOLYSIS/GLUCONEOGENESIS",100755461 or 100751347,2.39087818127493,1.30244980226346,5.48746280962637,4.19758763817601,-0.0720000000000001,2.89735669602622e-05,0.222797382261113,0.876312853863908+0i,1.08842837901147,adp_c; h_c; pep_c,atp_c; pyr_c
PDHm,"Pyruvate dehydrogenase","GLYCOLYSIS/GLUCONEOGENESIS",100773493 and 100689437 and 100750352 and 100774853 and 100774878,6.05892456138229,2.13275725189973,3.76700261003798,4.25299788183608,-0.524,4.36688717924114e-241,0.977301299010027,1.50634197388191+0i,3.92616730948256,coa_m; nad_m; pyr_m,accoa_m; co2_m; nadh_m
r0383,"Pyruvate:[dihydrolipoyllysine-residue acetyltransferase]-lipoyllysine 2-oxidoreductase (decarboxylating, acceptor-acetylating) EC:1.2.4.1","UNASSIGNED",,2.2875996929768,8.46990997148777,3.74688375434778,4.34851669426079,0.7975,0,1.52316313789363,-1.88851201789317+0i,-6.18231027851097,h_m; lpam_m; pyr_m,HC00682_m; co2_m
r0555,"Acetyl-CoA:enzyme N6-(dihydrolipoyl)lysine S-acetyltransferase Glycolysis / Gluconeogenesis / Alanine and aspartate metabolism / Pyruvate metabolism EC:2.3.1.12","UNASSIGNED",,2.2875996929768,8.46990997148777,3.74688375434778,4.34851669426079,0.7975,0,1.52316313789363,-1.88851201789317+0i,-6.18231027851097,HC00682_m; coa_m,accoa_m; dhlam_m
r0384,"2-oxoglutarate:[dihydrolipoyllysine-residue succinyltransferase]-lipoyllysine 2-oxidoreductase (decarboxylating, acceptor-succinylating) EC:1.2.4.2","UNASSIGNED",,0.674096828387118,1.21581654567957,3.01937164270322,4.34975309601919,0.0725,2.5046979943568e-05,0.144685231105053,-0.850897814716572+0i,-0.541719717292448,akg_m; h_m; lpam_m,HC00695_m; co2_m
UMPK3,"UMP kinase (UTP)","NUCLEOTIDE INTERCONVERSION",100758717,-4.60078014678135,-2.161422691829,9.45402759398831,5.38163996286383,0.183,4.83300844726614e-30,0.317119830568514,1.08989728145135+0i,-2.43935745495235,utp_c; ump_c,udp_c
UMPK7,"UMP kinase (dGTP)","NUCLEOTIDE INTERCONVERSION",100758717,4.48772024492973,2.20936318197212,6.93517149107132,5.38170108786105,-0.3775,1.78692366337699e-125,0.367049153434644,1.02235215129321+0i,2.27835706295761,dgtp_c; ump_c,dgdp_c; udp_c
r0163,"2-oxoglutarate dehydrogenase E1 component Citrate cycle (TCA cycle) EC:1.2.4.2","UNASSIGNED",,7.08156457610858,14.8078070356192,7.09751649773609,5.39152876035431,0.883,0,1.22589882903012,-1.06421795567623+0i,-7.72624245951067,akg_m; h_m; thmpp_m,HC01435_m; co2_m
r0620,"2-oxoglutarate dehydrogenase E1 component Citrate cycle (TCA cycle) EC:1.2.4.2","UNASSIGNED",,7.08156457610858,14.8078070356192,7.09751649773609,5.39152876035431,0.883,0,1.22589882903012,-1.06421795567623+0i,-7.72624245951067,HC01435_m; lpam_m,HC00695_m; thmpp_m
CYOOm2_cho,"Cytochrome c oxidase, mitochondrial Complex IV","OXIDATIVE PHOSPHORYLATION",3979185 and 3979186 and 3979189 and 100770670 and 100757022 and 100765757 and 100768321 and 100764001 and 100757101 and (100766809 or 100768457) and 103163474 and 103161269 and (100756540 or 100767351) and (100764866 or 100772782) and 103158861 and (100756118 or 100759281) and 100755207 and 100767292 and 100764018 and 100762701 and 100761465 and 100759549 and 100766959 and 100761903 and 100756398 and 100763079 and 100772471 and 100751499 and 100758725 and 100758878 and 100768660 and 100769017 and 100767657,3.98429789756813,0.601455137791695,12.3725886737327,5.4588315021847,-0.082,1.29989541750746e-06,0.353764255896956,2.72779648201395+0i,3.38284275977643,focytC_m; h_m; o2_m,ficytC_m; h2o_m; h_im[intermembrane space of mitochondria]
CYOOm3_cho,"Cytochrome c oxidase, mitochondrial Complex IV","OXIDATIVE PHOSPHORYLATION",3979185 and 3979186 and 3979189 and 100770670 and 100757022 and 100765757 and 100768321 and 100764001 and 100757101 and (100766809 or 100768457) and 103163474 and 103161269 and (100756540 or 100767351) and (100764866 or 100772782) and 103158861 and (100756118 or 100759281) and 100755207 and 100767292 and 100764018 and 100762701 and 100761465 and 100759549 and 100766959 and 100761903 and 100756398 and 100763079 and 100772471 and 100751499 and 100758725 and 100758878 and 100768660 and 100769017 and 100767657,38.4018499488887,49.5198063601984,12.3725886737287,5.45883150387673,0.988,0,1.16267171016962,-0.366829860928617+0i,-11.1179564113097,focytC_m; h_m; o2_m,ficytC_m; h2o_m; h_im[intermembrane space of mitochondria]; o2s_m
GCC2cm,"Glycine cleavage complex  lipoamide   mitochondrial","GLYCINE, SERINE, ALANINE AND THREONINE METABOLISM",100689437 and (100765652 or 100756550),11.3777863886033,26.3021744999053,8.00428560175218,5.6912598339968,0.805,0,2.14901820719439,-1.20896217685534+0i,-14.924388111302,dhlam_m; nad_m,h_m; lpam_m; nadh_m
CYTK14,"Cytidylate kinase (dCMP,UTP)","NUCLEOTIDE INTERCONVERSION",100758717,4.40345889113568,2.15660044602987,10.2190341266003,6.36224606543574,-0.26,6.66722904452793e-60,0.263964957900903,1.02987828480916+0i,2.24685844510581,dcmp_c; utp_c,dcdp_c; udp_c
CYTK2,"Cytidylate kinase (dCMP)","NUCLEOTIDE INTERCONVERSION",100758717 or 100752880 or 100760489 or 100767050,-4.39743566631024,-2.15103981311477,10.2192836189595,6.36238014859925,0.259,1.89788725694354e-59,0.263904414881808,1.03162824395577+0i,-2.24639585319547,atp_c; dcmp_c,adp_c; dcdp_c
ETF,"Electron transfer flavoprotein","FATTY ACID OXIDATION",100758144 and 100753078,2.04226866451647,2.61263482141631,5.70903773790488,6.85160902913199,0.127,7.60166112470779e-15,0.0904445383323699,-0.355332819291411+0i,-0.570366156899838,etfox_m; fadh2_m,etfrd_m; fad_m
ETFQO,"Electron transfer flavoprotein-ubiquinone oxidoreductase","FATTY ACID OXIDATION",100763190,2.04226866451647,2.61263482141631,5.70903773790488,6.85160902913199,0.127,7.60166112470779e-15,0.0904445383323699,-0.355332819291411+0i,-0.570366156899838,etfrd_m; q10_m,etfox_m; q10h2_m
FADH2ETC,"Complex II reaction for respiratory chain","OXIDATIVE PHOSPHORYLATION",,15.9512878510458,17.959292909741,5.70903773790441,6.85160903045576,0.873,0,0.318414913446448,-0.171057642819768+0i,-2.00800505869518,fadh2_m; q10_m,fad_m; q10h2_m
r0280,"DATP:pyruvate O2-phosphotransferase Purine metabolism EC:2.7.1.40","GLYCOLYSIS/GLUCONEOGENESIS",,1.65841909349862,8.20091544118407,4.6878525852648,7.34774181339432,0.446,7.44445844083919e-175,1.06157562774484,-2.30597633050857+0i,-6.54249634768545,dadp_c; h_c; pep_c,datp_c; pyr_c
ADKd,"Adenylate kinase (d form)","NUCLEOTIDE INTERCONVERSION",100758717,-1.81223974879318,7.84200257992814,15.6130696793725,7.65034281506334,0.467,1.22480904826962e-191,0.785266762897464,-2.11344828829979+4.53236014182719i,-9.65424232872132,damp_c; datp_c,dadp_c
DADK,"Deoxyadenylate kinase","NUCLEOTIDES",100758717 or 100759346 or 100761703 or 100760489 or 100767050 or 100752880,-204.661952869857,-253.507397096984,22.7626541463128,7.74757645899554,-1,0,2.87285546472523,-0.308784917323151+0i,48.8454442271278,atp_c; damp_c,adp_c; dadp_c
