subsytem,counts_altered,counts_total,pct_rxn_change
"OXIDATIVE PHOSPHORYLATION",7,9,77.7777777777778
"CITRIC ACID CYCLE",9,18,50
"UREA CYCLE/AMINO GROUP METABOLISM",2,5,40
"GLYCOLYSIS/GLUCONEOGENESIS",14,41,34.1463414634146
"Biomass and maintenance functions",1,3,33.3333333333333
"C5-BRANCHED DIBASIC ACID METABOLISM",2,8,25
"GLYCINE, SERINE, AND THREONINE METABOLISM",1,6,16.6666666666667
"FRUCTOSE AND MANNOSE METABOLISM",4,27,14.8148148148148
"BETA-ALANINE METABOLISM",2,15,13.3333333333333
"UNASSIGNED",16,140,11.4285714285714
"PENTOSE PHOSPHATE PATHWAY",3,35,8.57142857142857
"PROPANOATE METABOLISM",1,12,8.33333333333333
"VALINE, LEUCINE, AND ISOLEUCINE METABOLISM",3,37,8.10810810810811
"NUCLEOTIDES",2,25,8
"PYRUVATE METABOLISM",2,32,6.25
"TRANSPORT, NUCLEAR",4,65,6.15384615384615
"GLYCINE, SERINE, ALANINE AND THREONINE METABOLISM",2,34,5.88235294117647
"PYRIMIDINE SYNTHESIS",1,17,5.88235294117647
"NUCLEOTIDE INTERCONVERSION",10,172,5.81395348837209
"TRANSPORT, MITOCHONDRIAL",16,286,5.59440559440559
"PURINE CATABOLISM",1,36,2.77777777777778
"TRANSPORT, PEROXISOMAL",3,108,2.77777777777778
"Extracellular exchange",5,602,0.830564784053156
"TRANSPORT, EXTRACELLULAR",8,1433,0.558269364968597
"FATTY ACID OXIDATION",2,378,0.529100529100529
