met,WT_mean,KO_mean
dgtp_n,1.00000000040975e-05,9.99999999999968e-06
oretn_n,2e-08,1.6e-07
13_cis_oretn_n,9.94000004905193e-06,6.26500000910027e-06
13_cis_retn_n,3.5e-08,2.13500001638135e-06
datp_m,9.99999999999968e-06,9.99999999999968e-06
datp_n,9.99999999999968e-06,9.99999999999968e-06
dgtp_m,9.99999999999968e-06,9.99999999999968e-06
35cgmp_e,9.99999999999968e-06,9.99999999999968e-06
HC00250_e,1.00000000002115e-05,9.99999999999968e-06
5mta_e,9.99999999999968e-06,9.99999999999968e-06
CE0074_e,1.00000000650045e-05,1.00000000100581e-05
ala_B_e,8.86999999999972e-06,6.07500003894571e-06
ala__L_e,5.07405081026804,5.08243963610346
amp_e,9.99999999999968e-06,9.99999999999968e-06
ade_e,9.99999999999968e-06,9.99999999999968e-06
adn_e,9.99999999999968e-06,9.99999999999968e-06
ahcys_e,9.99999999999968e-06,1.00000000000381e-05
asn__L_e,-0.0297727272727282,-0.0297727272727268
asp__L_e,-0.0284175757575769,-0.0368036363636349
atp_e,9.99999999999968e-06,9.99999999999968e-06
aicar_e,9.99999999999968e-06,1.00000000012101e-05
dad_2_e,9.99999999999968e-06,9.99999999999968e-06
dgsn_e,9.99999999999968e-06,9.99999999999968e-06
camp_e,9.99999999999968e-06,9.99999999999968e-06
digalsgalside_cho_e,1.00000000161711e-05,1.00000000017915e-05
cbasp_e,1.00000000220775e-05,1.00000000029332e-05
din_e,1.0000000029168e-05,1.00000000039984e-05
cgly_e,9.99999999999968e-06,9.99999999999968e-06
chol_e,-9.99999999999968e-06,-9.99999999999968e-06
dopasf_e,9.99999999999968e-06,9.99999999999968e-06
citr__L_e,9.99999999999968e-06,9.99999999999968e-06
co2_e,40.5345084312904,48.2780095284014
creat_e,1.00000000217887e-05,1.00000000026628e-05
fad_e,1.00000000122771e-05,1.000000000403e-05
fe2_e,-9.99999999999968e-06,-6.13499999999983e-06
fe3_e,9.999999993099e-06,6.13499999842741e-06
gln__L_e,-1.5416666666666,-1.54166666666663
glu__L_e,-0.0738636363636615,-0.0738636363636435
glc__D_e,-7.53787878787854,-7.53787878787854
lnlc_e,-9.99999999999968e-06,-1.0000000000087e-05
lnlnca_e,-1.0000000000217e-05,-1.0000000000086e-05
gsn_e,9.99999999999968e-06,9.99999999999968e-06
lys__L_e,-1,-1.00000000000001
gthox_e,9.99999999999968e-06,9.99999999999968e-06
gthrd_e,9.99999999999968e-06,9.99999999999968e-06
gua_e,1.00000000017142e-05,1.00000000014006e-05
h2o2_e,2e-08,1.255e-06
h2o_e,42.100320053948,49.3664132299532
h_e,5.3396658305008,3.69093242817861
mercplaccys_e,9.99999999999968e-06,9.99999999999968e-06
hco3_e,0,2.18e-06
met__L_e,-0.106060606060602,-0.106060606060603
nh4_e,9.99999999999968e-06,9.99999999999968e-06
his__L_e,-0.0539767850889873,-0.053980365086653
hista_e,4e-08,3.61999999999994e-06
no_e,1.00000000515919e-05,1.00000000063085e-05
nrpphrsf_e,9.99999999999968e-06,9.99999999999968e-06
ile__L_e,-1,-1
inost_e,-9.99999999999968e-06,-1.00000000011157e-05
ins_e,9.99999999999968e-06,9.99999999999968e-06
o2_e,-42.4299230419025,-50.1025666965396
o2s_e,0.0237362427940747,0.195775023475492
orn_e,9.99999999999968e-06,9.99999999999968e-06
lac__L_e,2.5871212121211,0.00874999999999694
orot_e,9.99999999999968e-06,9.99999999999968e-06
ptrc_e,1.00000034310436e-05,1.00000000256963e-05
leu__L_e,-1,-1
leuktrD4_e,1.99999998689537e-05,2.000000000563e-05
pydam_e,1.0000000037763e-05,1.00000000037614e-05
phe__L_e,-0.160227272727291,-0.160227272727277
pydxn_e,-9.99999999999968e-06,-1.00000000025436e-05
pi_e,-0.149451512384424,-0.149447852354327
ura_e,1.00000000141608e-05,1.00000000027683e-05
ppi_e,4.32000034498333e-06,2.49000007005283e-06
pro__L_e,-0.0810606060606069,-0.0810606060606069
urate_e,9.99999999999968e-06,9.99999999999968e-06
urea_e,9.99999999999968e-06,9.99999999999968e-06
val__L_e,-0.405303030303012,-0.405303030303012
retn_e,-9.99499999999968e-06,-8.55999999999974e-06
ribflv_e,-9.99999887012378e-06,-9.99999975876801e-06
ser__D_e,9.99999999999968e-06,1.00000000388573e-05
ser__L_e,-0.0958333333331415,-0.0958333333333319
slfcys_e,1.00000000001051e-05,1.00000000000209e-05
sl__L_e,1.00000000004333e-05,9.99999999999968e-06
so4_e,1.00000000002088e-05,9.99999999999968e-06
taur_e,9.99999999999968e-06,9.99999999999968e-06
tchola_e,1.00000000034323e-05,1.00000000005316e-05
tdchola_e,9.99999999999968e-06,9.99999999999968e-06
thr__L_e,-1,-1
thym_e,1.00000001736912e-05,1.00000000167657e-05
thymd_e,-9.99999999999968e-06,-1.00000000029241e-05
trp__L_e,-0.0249242424242416,-0.0249242424242416
tymsf_e,9.99999999999968e-06,9.99999999999968e-06
tyr__L_e,-0.117803030303035,-0.117803030303035
Tyr_ggn_c,-0.0115534668156441,-0.0115534668151455
