"metabolite","WT","2E2"
"Asp",-0.0296312932897227,-0.0403974271173993
"lactate",2.58783247156522,0.00876722315639358
"Ala",-0.0149028604945744,-0.0149028604945744
"Asn",-0.0410587058841145,-0.0410587058841145
"Gln",-3.15994004800089,-3.15994004800089
"Glu",-0.0740021378066373,-0.0740021378066373
"Gly",-0.0665689501664432,-0.0665689501664432
"Met",-0.126113374018684,-0.126113374018684
"Phe",-0.160257671215126,-0.160257671215126
"Pro",-0.0810368992035553,-0.0810368992035553
"Ser",-0.211963538956744,-0.211963538956744
"Trp",-0.0249217598380515,-0.0249217598380515
"Tyr",-0.117818515387572,-0.117818515387572
"Val",-0.407152279040697,-0.407152279040697
"glucose",-7.52541552236849,-7.52541552236849
