"sample_name","condition","timepoint","area_ratio","reconstituted_concentration","actual_concentration","amino_acid","ratio_sample_is","ratio_adj","concentration_sample_uM","replicate"
"sample_1","WT",36,0.675,3.71,2.5,"Asn",0.05,13.5,50.09984,1
"sample_2","KO",36,0.773,3.71,2.87,"Asn",0.05,15.5,57.38628,1
"sample_3","WT",39,0.679,3.71,2.52,"Asn",0.05,13.6,50.41148,1
"sample_4","KO",39,0.8,3.71,2.97,"Asn",0.05,16,59.38226,1
"sample_5","WT",42,0.627,3.71,2.32,"Asn",0.05,12.5,46.4863,1
"sample_6","KO",42,0.735,3.71,2.72,"Asn",0.05,14.7,54.4999,1
"sample_7","WT",45,0.622,3.71,2.31,"Asn",0.05,12.4,46.18208,1
"sample_8","KO",45,0.693,3.71,2.57,"Asn",0.05,13.9,51.4206,1
"sample_9","WT",48,0.527,3.71,1.96,"Asn",0.05,10.5,39.11824,1
"sample_10","KO",48,0.704,3.71,2.61,"Asn",0.05,14.1,52.25906,1
"sample_11","WT",36,0.664,3.71,2.46,"Asn",0.05,13.3,49.24654,2
"sample_12","KO",36,0.754,3.71,2.8,"Asn",0.05,15.1,55.95422,2
"sample_13","WT",39,0.648,3.71,2.4,"Asn",0.05,13,48.0445,2
"sample_14","KO",39,0.893,3.71,3.31,"Asn",0.05,17.9,66.2235,2
"sample_15","WT",42,0.569,3.71,2.11,"Asn",0.05,11.4,42.1827,2
"sample_16","KO",42,0.72,3.71,2.67,"Asn",0.05,14.4,53.424,2
"sample_17","WT",45,0.52,3.71,1.93,"Asn",0.05,10.4,38.56916,2
"sample_18","KO",45,0.693,3.71,2.57,"Asn",0.05,13.9,51.42802,2
"sample_19","WT",48,0.47,3.71,1.74,"Asn",0.05,9.39,34.8369,2
"sample_20","KO",48,0.655,3.71,2.43,"Asn",0.05,13.1,48.601,2
"sample_21","WT",36,0.672,3.71,2.49,"Asn",0.05,13.4,49.86982,3
"sample_23","WT",39,0.625,3.71,2.32,"Asn",0.05,12.5,46.36758,3
"sample_24","KO",39,0.811,3.71,3.01,"Asn",0.05,16.2,60.1762,3
"sample_25","WT",42,0.589,3.71,2.19,"Asn",0.05,11.8,43.71864,3
"sample_26","KO",42,0.647,3.71,2.4,"Asn",0.05,12.9,47.99256,3
"sample_27","WT",45,0.511,3.71,1.9,"Asn",0.05,10.2,37.90136,3
"sample_28","KO",45,0.671,3.71,2.49,"Asn",0.05,13.4,49.77336,3
"sample_29","WT",48,0.442,3.71,1.64,"Asn",0.05,8.84,32.80382,3
"sample_30","KO",48,0.635,3.71,2.36,"Asn",0.05,12.7,47.10216,3
"sample_31","WT",36,0.701,3.71,2.6,"Asn",0.05,14,52.02162,4
"sample_32","KO",36,0.846,3.71,3.14,"Asn",0.05,16.9,62.78062,4
"sample_33","WT",39,0.648,3.71,2.41,"Asn",0.05,13,48.10386,4
"sample_34","KO",39,0.728,3.71,2.7,"Asn",0.05,14.6,53.99534,4
"sample_35","WT",42,0.619,3.71,2.3,"Asn",0.05,12.4,45.93722,4
"sample_36","KO",42,0.801,3.71,2.97,"Asn",0.05,16,59.40452,4
"sample_37","WT",45,0.468,3.71,1.73,"Asn",0.05,9.35,34.69592,4
"sample_38","KO",45,0.638,3.71,2.37,"Asn",0.05,12.8,47.3025,4
"sample_39","WT",48,0.348,3.71,1.29,"Asn",0.05,6.95,25.79934,4
"sample_40","KO",48,0.545,3.71,2.02,"Asn",0.05,10.9,40.44642,4
"sample_1","WT",36,2.65,4.4,11.7,"Ser",0.05,53,233.024,1
"sample_2","KO",36,2.84,4.4,12.5,"Ser",0.05,56.7,249.568,1
"sample_3","WT",39,2.56,4.4,11.3,"Ser",0.05,51.3,225.632,1
"sample_4","KO",39,2.55,4.4,11.2,"Ser",0.05,51,224.312,1
"sample_5","WT",42,2.45,4.4,10.8,"Ser",0.05,49,215.6,1
"sample_6","KO",42,2.49,4.4,10.9,"Ser",0.05,49.7,218.768,1
"sample_7","WT",45,2.09,4.4,9.18,"Ser",0.05,41.7,183.656,1
"sample_8","KO",45,2.84,4.4,12.5,"Ser",0.05,56.7,249.656,1
"sample_9","WT",48,2.17,4.4,9.57,"Ser",0.05,43.5,191.312,1
"sample_10","KO",48,2.59,4.4,11.4,"Ser",0.05,51.8,227.92,1
"sample_11","WT",36,2.35,4.4,10.4,"Ser",0.05,47.1,207.064,2
"sample_12","KO",36,2.77,4.4,12.2,"Ser",0.05,55.4,243.76,2
"sample_13","WT",39,2.44,4.4,10.7,"Ser",0.05,48.7,214.456,2
"sample_14","KO",39,3.36,4.4,14.8,"Ser",0.05,67.2,295.768,2
"sample_15","WT",42,2.34,4.4,10.3,"Ser",0.05,46.8,205.92,2
"sample_16","KO",42,2.9,4.4,12.8,"Ser",0.05,58,255.024,2
"sample_17","WT",45,2.19,4.4,9.61,"Ser",0.05,43.7,192.28,2
"sample_18","KO",45,2.36,4.4,10.4,"Ser",0.05,47.3,207.944,2
"sample_19","WT",48,2.46,4.4,10.8,"Ser",0.05,49.2,216.392,2
"sample_20","KO",48,2.53,4.4,11.1,"Ser",0.05,50.5,222.288,2
"sample_21","WT",36,2.55,4.4,11.2,"Ser",0.05,50.9,224.136,3
"sample_23","WT",39,2.72,4.4,12,"Ser",0.05,54.4,239.536,3
"sample_24","KO",39,2.88,4.4,12.7,"Ser",0.05,57.6,253.616,3
"sample_25","WT",42,2.41,4.4,10.6,"Ser",0.05,48.3,212.432,3
"sample_26","KO",42,2.52,4.4,11.1,"Ser",0.05,50.4,221.584,3
"sample_27","WT",45,2.47,4.4,10.9,"Ser",0.05,49.4,217.448,3
"sample_28","KO",45,2.67,4.4,11.7,"Ser",0.05,53.4,234.784,3
"sample_29","WT",48,2.29,4.4,10.1,"Ser",0.05,45.8,201.344,3
"sample_30","KO",48,2.5,4.4,11,"Ser",0.05,49.9,219.648,3
"sample_31","WT",36,2.9,4.4,12.8,"Ser",0.05,58,255.024,4
"sample_32","KO",36,3.64,4.4,16,"Ser",0.05,72.9,320.672,4
"sample_33","WT",39,2.49,4.4,11,"Ser",0.05,49.8,219.032,4
"sample_34","KO",39,2.99,4.4,13.2,"Ser",0.05,59.8,263.208,4
"sample_35","WT",42,2.42,4.4,10.6,"Ser",0.05,48.3,212.52,4
"sample_36","KO",42,3.12,4.4,13.7,"Ser",0.05,62.4,274.648,4
"sample_37","WT",45,2.09,4.4,9.2,"Ser",0.05,41.8,184.096,4
"sample_38","KO",45,2.31,4.4,10.2,"Ser",0.05,46.2,203.192,4
"sample_39","WT",48,1.52,4.4,6.68,"Ser",0.05,30.4,133.584,4
"sample_40","KO",48,2.03,4.4,8.92,"Ser",0.05,40.6,178,4
"sample_1","WT",36,4.83,3.62,17.5,"Gly",0.05,96.7,349.9816,1
"sample_2","KO",36,4.49,3.62,16.2,"Gly",0.05,89.7,324.8588,1
"sample_3","WT",39,4.65,3.62,16.8,"Gly",0.05,93,336.7324,1
"sample_4","KO",39,4.5,3.62,16.3,"Gly",0.05,89.9,325.5828,1
"sample_5","WT",42,4.96,3.62,18,"Gly",0.05,99.2,359.0316,1
"sample_6","KO",42,4.37,3.62,15.8,"Gly",0.05,87.3,316.026,1
"sample_7","WT",45,4.32,3.62,15.6,"Gly",0.05,86.4,312.9128,1
"sample_8","KO",45,4.86,3.62,17.6,"Gly",0.05,97.2,351.9364,1
"sample_9","WT",48,4.76,3.62,17.2,"Gly",0.05,95.2,344.5516,1
"sample_10","KO",48,5,3.62,18.1,"Gly",0.05,100,361.9276,1
"sample_11","WT",36,3.66,3.62,13.2,"Gly",0.05,73.2,264.984,2
"sample_12","KO",36,4.19,3.62,15.2,"Gly",0.05,83.9,303.6456,2
"sample_13","WT",39,4.37,3.62,15.8,"Gly",0.05,87.3,316.1708,2
"sample_14","KO",39,4.46,3.62,16.1,"Gly",0.05,89.1,322.542,2
"sample_15","WT",42,4.11,3.62,14.9,"Gly",0.05,82.2,297.4916,2
"sample_16","KO",42,4.33,3.62,15.7,"Gly",0.05,86.5,313.2748,2
"sample_17","WT",45,4.62,3.62,16.7,"Gly",0.05,92.3,334.1984,2
"sample_18","KO",45,4.43,3.62,16.1,"Gly",0.05,88.7,321.0216,2
"sample_19","WT",48,4.69,3.62,17,"Gly",0.05,93.9,339.8456,2
"sample_20","KO",48,5.24,3.62,19,"Gly",0.05,105,379.376,2
"sample_21","WT",36,4.04,3.62,14.6,"Gly",0.05,80.7,292.2788,3
"sample_23","WT",39,4.25,3.62,15.4,"Gly",0.05,84.9,307.4104,3
"sample_24","KO",39,4.75,3.62,17.2,"Gly",0.05,95,343.9724,3
"sample_25","WT",42,5.03,3.62,18.2,"Gly",0.05,101,364.172,3
"sample_26","KO",42,4.7,3.62,17,"Gly",0.05,94,340.3524,3
"sample_27","WT",45,4.82,3.62,17.5,"Gly",0.05,96.5,349.1852,3
"sample_28","KO",45,4.84,3.62,17.5,"Gly",0.05,96.9,350.6332,3
"sample_29","WT",48,4.51,3.62,16.3,"Gly",0.05,90.3,326.8136,3
"sample_30","KO",48,5.09,3.62,18.4,"Gly",0.05,102,368.8056,3
"sample_31","WT",36,4.83,3.62,17.5,"Gly",0.05,96.5,349.33,4
"sample_32","KO",36,4.9,3.62,17.7,"Gly",0.05,97.9,354.398,4
"sample_33","WT",39,4.59,3.62,16.6,"Gly",0.05,91.7,332.0988,4
"sample_34","KO",39,3.87,3.62,14,"Gly",0.05,77.5,280.4776,4
"sample_35","WT",42,4.63,3.62,16.8,"Gly",0.05,92.7,335.5016,4
"sample_36","KO",42,4.61,3.62,16.7,"Gly",0.05,92.3,333.9812,4
"sample_37","WT",45,3.73,3.62,13.5,"Gly",0.05,74.7,270.2692,4
"sample_38","KO",45,4.12,3.62,14.9,"Gly",0.05,82.4,298.1432,4
"sample_39","WT",48,3.5,3.62,12.7,"Gly",0.05,70,253.2552,4
"sample_40","KO",48,3.98,3.62,14.4,"Gly",0.05,79.6,288.0072,4
"sample_1","WT",36,44.9,4.09,184,"Gln",0.05,898,3674.456,1
"sample_2","KO",36,38.3,4.09,157,"Gln",0.05,767,3135.394,1
"sample_3","WT",39,44.6,4.09,182,"Gln",0.05,891,3644.19,1
"sample_4","KO",39,44,4.09,180,"Gln",0.05,880,3600.836,1
"sample_5","WT",42,40.4,4.09,165,"Gln",0.05,808,3304.72,1
"sample_6","KO",42,35.8,4.09,146,"Gln",0.05,716,2929.258,1
"sample_7","WT",45,35.3,4.09,144,"Gln",0.05,705,2885.086,1
"sample_8","KO",45,38.6,4.09,158,"Gln",0.05,773,3159.934,1
"sample_9","WT",48,36.8,4.09,150,"Gln",0.05,735,3006.968,1
"sample_10","KO",48,41.6,4.09,170,"Gln",0.05,833,3406.152,1
"sample_11","WT",36,39.7,4.09,162,"Gln",0.05,793,3244.188,2
"sample_12","KO",36,41.8,4.09,171,"Gln",0.05,836,3417.604,2
"sample_13","WT",39,41.1,4.09,168,"Gln",0.05,822,3360.344,2
"sample_14","KO",39,40.8,4.09,167,"Gln",0.05,817,3340.712,2
"sample_15","WT",42,35.3,4.09,144,"Gln",0.05,706,2888.358,2
"sample_16","KO",42,38.9,4.09,159,"Gln",0.05,777,3177.93,2
"sample_17","WT",45,40.5,4.09,166,"Gln",0.05,811,3316.172,2
"sample_18","KO",45,32.2,4.09,131,"Gln",0.05,643,2629.87,2
"sample_19","WT",48,38.5,4.09,157,"Gln",0.05,769,3146.846,2
"sample_20","KO",48,43.3,4.09,177,"Gln",0.05,865,3538.668,2
"sample_21","WT",36,46.6,4.09,191,"Gln",0.05,932,3811.062,3
"sample_23","WT",39,42.7,4.09,175,"Gln",0.05,853,3490.406,3
"sample_24","KO",39,40.4,4.09,165,"Gln",0.05,809,3307.992,3
"sample_25","WT",42,38.5,4.09,157,"Gln",0.05,770,3147.664,3
"sample_26","KO",42,39.8,4.09,163,"Gln",0.05,797,3258.094,3
"sample_27","WT",45,41.3,4.09,169,"Gln",0.05,825,3374.25,3
"sample_28","KO",45,39.9,4.09,163,"Gln",0.05,798,3263.002,3
"sample_29","WT",48,37.8,4.09,154,"Gln",0.05,755,3087.95,3
"sample_30","KO",48,38.8,4.09,159,"Gln",0.05,776,3174.658,3
"sample_31","WT",36,49.9,4.09,204,"Gln",0.05,998,4082.638,4
"sample_32","KO",36,53.6,4.09,219,"Gln",0.05,1070,4386.934,4
"sample_33","WT",39,45.7,4.09,187,"Gln",0.05,913,3734.988,4
"sample_34","KO",39,43,4.09,176,"Gln",0.05,861,3520.672,4
"sample_35","WT",42,43,4.09,176,"Gln",0.05,859,3513.31,4
"sample_36","KO",42,45.4,4.09,186,"Gln",0.05,908,3712.902,4
"sample_37","WT",45,34.6,4.09,141,"Gln",0.05,692,2829.462,4
"sample_38","KO",45,39,4.09,159,"Gln",0.05,779,3187.746,4
"sample_39","WT",48,31,4.09,127,"Gln",0.05,620,2535.8,4
"sample_40","KO",48,33.7,4.09,138,"Gln",0.05,675,2759.932,4
"sample_1","WT",36,0.291,5.64,1.64,"Asp",0.05,5.82,32.83608,1
"sample_2","KO",36,0.383,5.64,2.16,"Asp",0.05,7.65,43.16856,1
"sample_3","WT",39,0.227,5.64,1.28,"Asp",0.05,4.55,25.63944,1
"sample_4","KO",39,0.327,5.64,1.84,"Asp",0.05,6.53,36.84048,1
"sample_5","WT",42,0.196,5.64,1.1,"Asp",0.05,3.91,22.07496,1
"sample_6","KO",42,0.298,5.64,1.68,"Asp",0.05,5.95,33.558,1
"sample_7","WT",45,0.162,5.64,0.915,"Asp",0.05,3.24,18.29616,1
"sample_8","KO",45,0.212,5.64,1.19,"Asp",0.05,4.23,23.86848,1
"sample_9","WT",48,0.117,5.64,0.657,"Asp",0.05,2.33,13.1412,1
"sample_10","KO",48,0.15,5.64,0.846,"Asp",0.05,3,16.92,1
"sample_11","WT",36,0.295,5.64,1.66,"Asp",0.05,5.89,33.23088,2
"sample_12","KO",36,0.35,5.64,1.97,"Asp",0.05,7,39.45744,2
"sample_13","WT",39,0.228,5.64,1.29,"Asp",0.05,4.56,25.7184,2
"sample_14","KO",39,0.383,5.64,2.16,"Asp",0.05,7.65,43.16856,2
"sample_15","WT",42,0.173,5.64,0.975,"Asp",0.05,3.46,19.49184,2
"sample_16","KO",42,0.295,5.64,1.66,"Asp",0.05,5.89,33.2196,2
"sample_17","WT",45,0.142,5.64,0.801,"Asp",0.05,2.84,16.02888,2
"sample_18","KO",45,0.211,5.64,1.19,"Asp",0.05,4.22,23.81208,2
"sample_19","WT",48,0.143,5.64,0.806,"Asp",0.05,2.86,16.11912,2
"sample_20","KO",48,0.182,5.64,1.03,"Asp",0.05,3.64,20.54088,2
"sample_21","WT",36,0.288,5.64,1.62,"Asp",0.05,5.76,32.47512,3
"sample_23","WT",39,0.239,5.64,1.35,"Asp",0.05,4.78,26.94792,3
"sample_24","KO",39,0.279,5.64,1.58,"Asp",0.05,5.59,31.50504,3
"sample_25","WT",42,0.228,5.64,1.28,"Asp",0.05,4.55,25.68456,3
"sample_26","KO",42,0.18,5.64,1.02,"Asp",0.05,3.61,20.33784,3
"sample_27","WT",45,0.168,5.64,0.947,"Asp",0.05,3.36,18.93912,3
"sample_28","KO",45,0.161,5.64,0.907,"Asp",0.05,3.22,18.13824,3
"sample_29","WT",48,0.143,5.64,0.806,"Asp",0.05,2.86,16.11912,3
"sample_30","KO",48,0.101,5.64,0.57,"Asp",0.05,2.02,11.3928,3
"sample_31","WT",36,0.244,5.64,1.38,"Asp",0.05,4.88,27.50064,4
"sample_32","KO",36,0.33,5.64,1.86,"Asp",0.05,6.6,37.21272,4
"sample_33","WT",39,0.203,5.64,1.15,"Asp",0.05,4.06,22.90968,4
"sample_34","KO",39,0.232,5.64,1.31,"Asp",0.05,4.64,26.14704,4
"sample_35","WT",42,0.175,5.64,0.985,"Asp",0.05,3.49,19.70616,4
"sample_36","KO",42,0.186,5.64,1.05,"Asp",0.05,3.73,21.02592,4
"sample_37","WT",45,0.119,5.64,0.673,"Asp",0.05,2.39,13.45704,4
"sample_38","KO",45,0.131,5.64,0.741,"Asp",0.05,2.63,14.82192,4
"sample_39","WT",48,0.0666,5.64,0.376,"Asp",0.05,1.33,7.513608,4
"sample_40","KO",48,0.0873,5.64,0.492,"Asp",0.05,1.75,9.848568,4
"sample_1","WT",36,3.83,4.24,16.2,"Ala",0.05,76.6,324.784,1
"sample_2","KO",36,4.84,4.24,20.5,"Ala",0.05,96.7,410.008,1
"sample_3","WT",39,4.76,4.24,20.2,"Ala",0.05,95.1,403.3936,1
"sample_4","KO",39,4.64,4.24,19.7,"Ala",0.05,92.8,393.472,1
"sample_5","WT",42,6.21,4.24,26.3,"Ala",0.05,124,526.9472,1
"sample_6","KO",42,4.02,4.24,17.1,"Ala",0.05,80.4,341.0656,1
"sample_7","WT",45,5.72,4.24,24.2,"Ala",0.05,114,484.632,1
"sample_8","KO",45,6.27,4.24,26.6,"Ala",0.05,125,531.6112,1
"sample_9","WT",48,5.47,4.24,23.2,"Ala",0.05,109,463.432,1
"sample_10","KO",48,5.86,4.24,24.9,"Ala",0.05,117,497.0128,1
"sample_11","WT",36,4.19,4.24,17.8,"Ala",0.05,83.9,355.6512,2
"sample_12","KO",36,2.72,4.24,11.5,"Ala",0.05,54.3,230.4016,2
"sample_13","WT",39,4.73,4.24,20.1,"Ala",0.05,94.6,401.1888,2
"sample_14","KO",39,4.63,4.24,19.6,"Ala",0.05,92.5,392.3696,2
"sample_15","WT",42,4.17,4.24,17.7,"Ala",0.05,83.3,353.192,2
"sample_16","KO",42,4.04,4.24,17.1,"Ala",0.05,80.9,342.8464,2
"sample_17","WT",45,5.76,4.24,24.4,"Ala",0.05,115,488.6176,2
"sample_18","KO",45,4.51,4.24,19.1,"Ala",0.05,90.3,382.7024,2
"sample_19","WT",48,6.62,4.24,28.1,"Ala",0.05,132,561.7152,2
"sample_20","KO",48,4.5,4.24,19.1,"Ala",0.05,90,381.4304,2
"sample_21","WT",36,4.25,4.24,18,"Ala",0.05,85,360.4,3
"sample_23","WT",39,4.94,4.24,20.9,"Ala",0.05,98.8,418.912,3
"sample_24","KO",39,3.68,4.24,15.6,"Ala",0.05,73.5,311.64,3
"sample_25","WT",42,4.65,4.24,19.7,"Ala",0.05,93.1,394.5744,3
"sample_26","KO",42,3.84,4.24,16.3,"Ala",0.05,76.8,325.7168,3
"sample_27","WT",45,4.99,4.24,21.1,"Ala",0.05,99.8,422.9824,3
"sample_28","KO",45,5.26,4.24,22.3,"Ala",0.05,105,446.048,3
"sample_29","WT",48,6.97,4.24,29.5,"Ala",0.05,139,590.8864,3
"sample_30","KO",48,4.9,4.24,20.8,"Ala",0.05,97.9,415.096,3
"sample_31","WT",36,2.66,4.24,11.3,"Ala",0.05,53.2,225.7376,4
"sample_32","KO",36,3.54,4.24,15,"Ala",0.05,70.7,299.9376,4
"sample_33","WT",39,3.78,4.24,16,"Ala",0.05,75.6,320.4592,4
"sample_34","KO",39,2.48,4.24,10.5,"Ala",0.05,49.5,209.88,4
"sample_35","WT",42,3.7,4.24,15.7,"Ala",0.05,74.1,314.0992,4
"sample_36","KO",42,4.16,4.24,17.6,"Ala",0.05,83.2,352.5984,4
"sample_37","WT",45,3.45,4.24,14.6,"Ala",0.05,68.9,292.3056,4
"sample_38","KO",45,3.28,4.24,13.9,"Ala",0.05,65.5,277.72,4
"sample_39","WT",48,3.07,4.24,13,"Ala",0.05,61.4,260.336,4
"sample_40","KO",48,2.82,4.24,11.9,"Ala",0.05,56.4,238.9664,4
"sample_1","WT",36,5.67,4.69,26.6,"Thr",0.05,113,532.1274,1
"sample_2","KO",36,9.23,4.69,43.3,"Thr",0.05,185,866.0554,1
"sample_3","WT",39,8.01,4.69,37.5,"Thr",0.05,160,750.9628,1
"sample_4","KO",39,5.11,4.69,24,"Thr",0.05,102,479.2242,1
"sample_5","WT",42,5.73,4.69,26.9,"Thr",0.05,115,537.5678,1
"sample_6","KO",42,8.02,4.69,37.6,"Thr",0.05,160,752.4636,1
"sample_7","WT",45,7.67,4.69,36,"Thr",0.05,153,719.0708,1
"sample_8","KO",45,5.92,4.69,27.8,"Thr",0.05,118,555.6712,1
"sample_9","WT",48,7.97,4.69,37.4,"Thr",0.05,159,747.7736,1
"sample_10","KO",48,8.92,4.69,41.8,"Thr",0.05,178,836.4146,1
"sample_11","WT",36,4.8,4.69,22.5,"Thr",0.05,95.9,449.771,2
"sample_12","KO",36,5.31,4.69,24.9,"Thr",0.05,106,497.609,2
"sample_13","WT",39,8.79,4.69,41.2,"Thr",0.05,176,824.2206,2
"sample_14","KO",39,5.85,4.69,27.4,"Thr",0.05,117,548.5424,2
"sample_15","WT",42,5.24,4.69,24.6,"Thr",0.05,105,491.4182,2
"sample_16","KO",42,5.47,4.69,25.7,"Thr",0.05,109,513.1798,2
"sample_17","WT",45,7.8,4.69,36.6,"Thr",0.05,156,731.64,2
"sample_18","KO",45,4.8,4.69,22.5,"Thr",0.05,96.1,450.6152,2
"sample_19","WT",48,5.3,4.69,24.8,"Thr",0.05,106,496.8586,2
"sample_20","KO",48,8.52,4.69,40,"Thr",0.05,170,799.4574,2
"sample_21","WT",36,7.93,4.69,37.2,"Thr",0.05,159,743.9278,3
"sample_23","WT",39,5.25,4.69,24.6,"Thr",0.05,105,492.0748,3
"sample_24","KO",39,8.59,4.69,40.3,"Thr",0.05,172,806.0234,3
"sample_25","WT",42,7.53,4.69,35.3,"Thr",0.05,151,706.6892,3
"sample_26","KO",42,6.86,4.69,32.2,"Thr",0.05,137,643.7494,3
"sample_27","WT",45,5.16,4.69,24.2,"Thr",0.05,103,484.3832,3
"sample_28","KO",45,5.7,4.69,26.7,"Thr",0.05,114,534.8476,3
"sample_29","WT",48,4.99,4.69,23.4,"Thr",0.05,99.9,468.3434,3
"sample_30","KO",48,5.42,4.69,25.4,"Thr",0.05,108,508.1146,3
"sample_31","WT",36,6.97,4.69,32.7,"Thr",0.05,139,653.317,4
"sample_32","KO",36,5.8,4.69,27.2,"Thr",0.05,116,543.8524,4
"sample_33","WT",39,5.6,4.69,26.3,"Thr",0.05,112,525.5614,4
"sample_34","KO",39,5.11,4.69,24,"Thr",0.05,102,479.318,4
"sample_35","WT",42,5.34,4.69,25,"Thr",0.05,107,500.892,4
"sample_36","KO",42,6.32,4.69,29.6,"Thr",0.05,126,592.7222,4
"sample_37","WT",45,4.5,4.69,21.1,"Thr",0.05,90,422.0062,4
"sample_38","KO",45,4.67,4.69,21.9,"Thr",0.05,93.3,437.7646,4
"sample_39","WT",48,4.41,4.69,20.7,"Thr",0.05,88.2,413.8456,4
"sample_40","KO",48,5.6,4.69,26.3,"Thr",0.05,112,525.1862,4
"sample_1","WT",36,0.897,4.49,4.03,"Glu",0.05,17.9,80.55958,1
"sample_2","KO",36,0.964,4.49,4.33,"Glu",0.05,19.3,86.53128,1
"sample_3","WT",39,0.893,4.49,4.01,"Glu",0.05,17.9,80.16446,1
"sample_4","KO",39,0.802,4.49,3.6,"Glu",0.05,16,72.05552,1
"sample_5","WT",42,0.852,4.49,3.82,"Glu",0.05,17,76.47368,1
"sample_6","KO",42,0.635,4.49,2.85,"Glu",0.05,12.7,56.99606,1
"sample_7","WT",45,0.713,4.49,3.2,"Glu",0.05,14.3,64.00944,1
"sample_8","KO",45,0.519,4.49,2.33,"Glu",0.05,10.4,46.59722,1
"sample_9","WT",48,0.626,4.49,2.81,"Glu",0.05,12.5,56.19684,1
"sample_10","KO",48,0.518,4.49,2.33,"Glu",0.05,10.4,46.5164,1
"sample_11","WT",36,0.965,4.49,4.33,"Glu",0.05,19.3,86.63904,2
"sample_12","KO",36,0.982,4.49,4.41,"Glu",0.05,19.6,88.1387,2
"sample_13","WT",39,0.956,4.49,4.29,"Glu",0.05,19.1,85.85778,2
"sample_14","KO",39,1.05,4.49,4.71,"Glu",0.05,21,94.1104,2
"sample_15","WT",42,0.71,4.49,3.19,"Glu",0.05,14.2,63.76698,2
"sample_16","KO",42,0.867,4.49,3.89,"Glu",0.05,17.3,77.87456,2
"sample_17","WT",45,0.668,4.49,3,"Glu",0.05,13.4,60.00436,2
"sample_18","KO",45,0.734,4.49,3.29,"Glu",0.05,14.7,65.88626,2
"sample_19","WT",48,0.603,4.49,2.71,"Glu",0.05,12.1,54.11348,2
"sample_20","KO",48,0.665,4.49,2.99,"Glu",0.05,13.3,59.74394,2
"sample_21","WT",36,0.901,4.49,4.05,"Glu",0.05,18,80.94572,3
"sample_23","WT",39,0.892,4.49,4.01,"Glu",0.05,17.8,80.1016,3
"sample_24","KO",39,0.711,4.49,3.19,"Glu",0.05,14.2,63.87474,3
"sample_25","WT",42,0.854,4.49,3.84,"Glu",0.05,17.1,76.72512,3
"sample_26","KO",42,0.614,4.49,2.76,"Glu",0.05,12.3,55.11924,3
"sample_27","WT",45,0.683,4.49,3.07,"Glu",0.05,13.7,61.30646,3
"sample_28","KO",45,0.549,4.49,2.46,"Glu",0.05,11,49.29122,3
"sample_29","WT",48,0.685,4.49,3.08,"Glu",0.05,13.7,61.513,3
"sample_30","KO",48,0.335,4.49,1.51,"Glu",0.05,6.7,30.10096,3
"sample_31","WT",36,0.784,4.49,3.52,"Glu",0.05,15.7,70.41218,4
"sample_32","KO",36,0.826,4.49,3.71,"Glu",0.05,16.5,74.16582,4
"sample_33","WT",39,0.783,4.49,3.51,"Glu",0.05,15.7,70.28646,4
"sample_34","KO",39,0.736,4.49,3.3,"Glu",0.05,14.7,66.06586,4
"sample_35","WT",42,0.694,4.49,3.12,"Glu",0.05,13.9,62.34814,4
"sample_36","KO",42,0.604,4.49,2.71,"Glu",0.05,12.1,54.21226,4
"sample_37","WT",45,0.491,4.49,2.2,"Glu",0.05,9.81,44.06486,4
"sample_38","KO",45,0.347,4.49,1.56,"Glu",0.05,6.94,31.14264,4
"sample_39","WT",48,0.319,4.49,1.43,"Glu",0.05,6.38,28.66416,4
"sample_40","KO",48,0.283,4.49,1.27,"Glu",0.05,5.65,25.38646,4
"sample_1","WT",36,2.26,3.66,8.28,"His",0.05,45.2,165.5052,1
"sample_2","KO",36,2.06,3.66,7.55,"His",0.05,41.3,151.0116,1
"sample_3","WT",39,2.34,3.66,8.55,"His",0.05,46.7,170.9952,1
"sample_4","KO",39,2.19,3.66,8,"His",0.05,43.7,159.942,1
"sample_5","WT",42,2.5,3.66,9.15,"His",0.05,50,183.0732,1
"sample_6","KO",42,1.82,3.66,6.66,"His",0.05,36.4,133.2972,1
"sample_7","WT",45,2.58,3.66,9.45,"His",0.05,51.7,189.0756,1
"sample_8","KO",45,2.51,3.66,9.17,"His",0.05,50.1,183.4392,1
"sample_9","WT",48,2.17,3.66,7.93,"His",0.05,43.3,158.5512,1
"sample_10","KO",48,2.54,3.66,9.29,"His",0.05,50.8,185.7816,1
"sample_11","WT",36,2.19,3.66,8.02,"His",0.05,43.8,160.308,2
"sample_12","KO",36,2.22,3.66,8.12,"His",0.05,44.4,162.4308,2
"sample_13","WT",39,2.2,3.66,8.04,"His",0.05,43.9,160.8204,2
"sample_14","KO",39,2.7,3.66,9.89,"His",0.05,54,197.7132,2
"sample_15","WT",42,1.93,3.66,7.06,"His",0.05,38.6,141.2028,2
"sample_16","KO",42,2.48,3.66,9.09,"His",0.05,49.7,181.7556,2
"sample_17","WT",45,2.41,3.66,8.84,"His",0.05,48.3,176.7048,2
"sample_18","KO",45,2.2,3.66,8.06,"His",0.05,44,161.1132,2
"sample_19","WT",48,2.35,3.66,8.59,"His",0.05,47,171.8736,2
"sample_20","KO",48,2.45,3.66,8.97,"His",0.05,49,179.4864,2
"sample_21","WT",36,2,3.66,7.31,"His",0.05,39.9,146.1804,3
"sample_23","WT",39,2.24,3.66,8.2,"His",0.05,44.8,164.0412,3
"sample_24","KO",39,2.71,3.66,9.9,"His",0.05,54.1,198.0792,3
"sample_25","WT",42,2.09,3.66,7.65,"His",0.05,41.8,152.988,3
"sample_26","KO",42,2.04,3.66,7.47,"His",0.05,40.8,149.4744,3
"sample_27","WT",45,2.32,3.66,8.49,"His",0.05,46.4,169.7508,3
"sample_28","KO",45,2.44,3.66,8.95,"His",0.05,48.9,178.9008,3
"sample_29","WT",48,2.75,3.66,10.1,"His",0.05,55.1,201.5928,3
"sample_30","KO",48,2.29,3.66,8.39,"His",0.05,45.9,167.8476,3
"sample_31","WT",36,2.19,3.66,8,"His",0.05,43.7,159.942,4
"sample_32","KO",36,2.62,3.66,9.6,"His",0.05,52.5,192.0036,4
"sample_33","WT",39,2.05,3.66,7.48,"His",0.05,40.9,149.694,4
"sample_34","KO",39,2.51,3.66,9.19,"His",0.05,50.2,183.732,4
"sample_35","WT",42,2.53,3.66,9.27,"His",0.05,50.7,185.4156,4
"sample_36","KO",42,2.78,3.66,10.2,"His",0.05,55.6,203.5692,4
"sample_37","WT",45,1.92,3.66,7.03,"His",0.05,38.4,140.544,4
"sample_38","KO",45,2.05,3.66,7.5,"His",0.05,41,149.9868,4
"sample_39","WT",48,1.64,3.66,6.02,"His",0.05,32.9,120.3408,4
"sample_40","KO",48,1.72,3.66,6.29,"His",0.05,34.4,125.7576,4
"sample_1","WT",36,1.74,4.54,7.91,"Pro",0.05,34.9,158.2644,1
"sample_2","KO",36,1.78,4.54,8.09,"Pro",0.05,35.6,161.8056,1
"sample_3","WT",39,1.57,4.54,7.11,"Pro",0.05,31.3,142.2836,1
"sample_4","KO",39,1.7,4.54,7.72,"Pro",0.05,34,154.4508,1
"sample_5","WT",42,1.63,4.54,7.39,"Pro",0.05,32.6,147.8224,1
"sample_6","KO",42,1.49,4.54,6.75,"Pro",0.05,29.7,135.0196,1
"sample_7","WT",45,1.59,4.54,7.2,"Pro",0.05,31.7,143.918,1
"sample_8","KO",45,1.71,4.54,7.75,"Pro",0.05,34.1,154.9956,1
"sample_9","WT",48,1.45,4.54,6.57,"Pro",0.05,29,131.4784,1
"sample_10","KO",48,1.68,4.54,7.61,"Pro",0.05,33.5,152.2716,1
"sample_11","WT",36,1.52,4.54,6.89,"Pro",0.05,30.3,137.7436,2
"sample_12","KO",36,1.84,4.54,8.34,"Pro",0.05,36.7,166.7088,2
"sample_13","WT",39,1.7,4.54,7.72,"Pro",0.05,34,154.36,2
"sample_14","KO",39,1.79,4.54,8.13,"Pro",0.05,35.8,162.6228,2
"sample_15","WT",42,1.56,4.54,7.08,"Pro",0.05,31.2,141.5572,2
"sample_16","KO",42,1.86,4.54,8.44,"Pro",0.05,37.2,168.7064,2
"sample_17","WT",45,1.58,4.54,7.19,"Pro",0.05,31.7,143.8272,2
"sample_18","KO",45,1.75,4.54,7.95,"Pro",0.05,35,159.0816,2
"sample_19","WT",48,1.46,4.54,6.63,"Pro",0.05,29.2,132.568,2
"sample_20","KO",48,1.69,4.54,7.67,"Pro",0.05,33.8,153.452,2
"sample_21","WT",36,1.72,4.54,7.79,"Pro",0.05,34.3,155.722,3
"sample_23","WT",39,1.54,4.54,6.99,"Pro",0.05,30.8,139.7412,3
"sample_24","KO",39,1.75,4.54,7.93,"Pro",0.05,34.9,158.5368,3
"sample_25","WT",42,1.5,4.54,6.79,"Pro",0.05,29.9,135.746,3
"sample_26","KO",42,1.49,4.54,6.76,"Pro",0.05,29.8,135.1104,3
"sample_27","WT",45,1.46,4.54,6.64,"Pro",0.05,29.2,132.7496,3
"sample_28","KO",45,1.61,4.54,7.3,"Pro",0.05,32.2,146.0064,3
"sample_29","WT",48,1.44,4.54,6.56,"Pro",0.05,28.9,131.1152,3
"sample_30","KO",48,1.49,4.54,6.75,"Pro",0.05,29.7,134.9288,3
"sample_31","WT",36,1.78,4.54,8.09,"Pro",0.05,35.6,161.7148,4
"sample_32","KO",36,1.92,4.54,8.73,"Pro",0.05,38.5,174.6992,4
"sample_33","WT",39,1.59,4.54,7.2,"Pro",0.05,31.7,143.918,4
"sample_34","KO",39,1.66,4.54,7.55,"Pro",0.05,33.3,151.0004,4
"sample_35","WT",42,1.71,4.54,7.74,"Pro",0.05,34.1,154.814,4
"sample_36","KO",42,1.96,4.54,8.89,"Pro",0.05,39.2,177.8772,4
"sample_37","WT",45,1.31,4.54,5.95,"Pro",0.05,26.2,119.0388,4
"sample_38","KO",45,1.53,4.54,6.94,"Pro",0.05,30.6,138.8332,4
"sample_39","WT",48,1.04,4.54,4.7,"Pro",0.05,20.7,93.978,4
"sample_40","KO",48,1.33,4.54,6.05,"Pro",0.05,26.7,121.0364,4
"sample_1","WT",36,8.02,4.11,33,"Arg",0.05,160,659.1618,1
"sample_2","KO",36,7.7,4.11,31.7,"Arg",0.05,154,633.1044,1
"sample_3","WT",39,8.06,4.11,33.1,"Arg",0.05,161,662.2032,1
"sample_4","KO",39,7.58,4.11,31.1,"Arg",0.05,152,622.8294,1
"sample_5","WT",42,8.33,4.11,34.2,"Arg",0.05,167,684.8904,1
"sample_6","KO",42,7.16,4.11,29.4,"Arg",0.05,143,588.3054,1
"sample_7","WT",45,7.67,4.11,31.5,"Arg",0.05,153,630.7206,1
"sample_8","KO",45,8.1,4.11,33.3,"Arg",0.05,162,665.9022,1
"sample_9","WT",48,7.96,4.11,32.7,"Arg",0.05,159,653.9832,1
"sample_10","KO",48,7.71,4.11,31.7,"Arg",0.05,154,633.8442,1
"sample_11","WT",36,7.5,4.11,30.8,"Arg",0.05,150,616.5822,2
"sample_12","KO",36,8.34,4.11,34.3,"Arg",0.05,167,685.4658,2
"sample_13","WT",39,7.35,4.11,30.2,"Arg",0.05,147,604.0878,2
"sample_14","KO",39,9.03,4.11,37.1,"Arg",0.05,181,742.5126,2
"sample_15","WT",42,8.31,4.11,34.1,"Arg",0.05,166,682.8354,2
"sample_16","KO",42,7.41,4.11,30.5,"Arg",0.05,148,609.0198,2
"sample_17","WT",45,8.17,4.11,33.6,"Arg",0.05,163,671.4096,2
"sample_18","KO",45,7.56,4.11,31.1,"Arg",0.05,151,621.5964,2
"sample_19","WT",48,7.2,4.11,29.6,"Arg",0.05,144,591.7578,2
"sample_20","KO",48,7.78,4.11,32,"Arg",0.05,156,639.7626,2
"sample_21","WT",36,7.52,4.11,30.9,"Arg",0.05,150,617.8974,3
"sample_23","WT",39,7.72,4.11,31.7,"Arg",0.05,154,634.3374,3
"sample_24","KO",39,7.69,4.11,31.6,"Arg",0.05,154,632.2824,3
"sample_25","WT",42,8.38,4.11,34.4,"Arg",0.05,168,688.425,3
"sample_26","KO",42,7.5,4.11,30.8,"Arg",0.05,150,616.5822,3
"sample_27","WT",45,8.04,4.11,33,"Arg",0.05,161,660.6414,3
"sample_28","KO",45,8.6,4.11,35.3,"Arg",0.05,172,706.6734,3
"sample_29","WT",48,7.55,4.11,31,"Arg",0.05,151,620.61,3
"sample_30","KO",48,7.51,4.11,30.9,"Arg",0.05,150,617.6508,3
"sample_31","WT",36,7.47,4.11,30.7,"Arg",0.05,149,614.1162,4
"sample_32","KO",36,8.61,4.11,35.4,"Arg",0.05,172,707.8242,4
"sample_33","WT",39,8.39,4.11,34.5,"Arg",0.05,168,689.5758,4
"sample_34","KO",39,6.88,4.11,28.3,"Arg",0.05,138,565.536,4
"sample_35","WT",42,8.33,4.11,34.2,"Arg",0.05,167,684.726,4
"sample_36","KO",42,8.78,4.11,36.1,"Arg",0.05,176,721.6338,4
"sample_37","WT",45,6.26,4.11,25.7,"Arg",0.05,125,514.6542,4
"sample_38","KO",45,7.63,4.11,31.3,"Arg",0.05,153,626.775,4
"sample_39","WT",48,5.79,4.11,23.8,"Arg",0.05,116,476.0202,4
"sample_40","KO",48,6.27,4.11,25.8,"Arg",0.05,125,515.3118,4
"sample_1","WT",36,3.13,2.01,6.29,"Cys",0.05,62.5,125.7054,1
"sample_2","KO",36,3.25,2.01,6.53,"Cys",0.05,65,130.6098,1
"sample_3","WT",39,3.1,2.01,6.23,"Cys",0.05,62,124.5396,1
"sample_4","KO",39,3.4,2.01,6.83,"Cys",0.05,68,136.5996,1
"sample_5","WT",42,3.82,2.01,7.67,"Cys",0.05,76.4,153.4836,1
"sample_6","KO",42,2.63,2.01,5.29,"Cys",0.05,52.6,105.726,1
"sample_7","WT",45,3.19,2.01,6.42,"Cys",0.05,63.9,128.3988,1
"sample_8","KO",45,2.53,2.01,5.09,"Cys",0.05,50.7,101.8266,1
"sample_9","WT",48,2.64,2.01,5.31,"Cys",0.05,52.8,106.1682,1
"sample_10","KO",48,3.13,2.01,6.29,"Cys",0.05,62.5,125.7054,1
"sample_11","WT",36,2.75,2.01,5.53,"Cys",0.05,55,110.6304,2
"sample_12","KO",36,2.96,2.01,5.94,"Cys",0.05,59.1,118.8714,2
"sample_13","WT",39,3.71,2.01,7.46,"Cys",0.05,74.2,149.142,2
"sample_14","KO",39,3.71,2.01,7.47,"Cys",0.05,74.3,149.3028,2
"sample_15","WT",42,2.6,2.01,5.22,"Cys",0.05,51.9,104.3592,2
"sample_16","KO",42,3.42,2.01,6.87621,"Cys",0.05,68.4,137.5242,2
"sample_17","WT",45,2.95,2.01,5.93,"Cys",0.05,59,118.6704,2
"sample_18","KO",45,3.14,2.01,6.3,"Cys",0.05,62.7,126.0672,2
"sample_19","WT",48,2.91,2.01,5.84,"Cys",0.05,58.1,116.781,2
"sample_20","KO",48,3.19,2.01,6.41,"Cys",0.05,63.8,128.1576,2
"sample_21","WT",36,3.29,2.01,6.62,"Cys",0.05,65.9,132.3786,3
"sample_23","WT",39,2.88,2.01,5.78,"Cys",0.05,57.5,115.575,3
"sample_24","KO",39,3.52,2.01,7.08,"Cys",0.05,70.5,141.6648,3
"sample_25","WT",42,3.31,2.01,6.65,"Cys",0.05,66.1,132.9414,3
"sample_26","KO",42,2.83,2.01,5.69,"Cys",0.05,56.7,113.8866,3
"sample_27","WT",45,2.51,2.01,5.04,"Cys",0.05,50.2,100.8216,3
"sample_28","KO",45,3.53,2.01,7.1,"Cys",0.05,70.6,141.9864,3
"sample_29","WT",48,2.93,2.01,5.89,"Cys",0.05,58.6,117.8664,3
"sample_30","KO",48,2.71,2.01,5.45,"Cys",0.05,54.2,109.0224,3
"sample_31","WT",36,3.31,2.01,6.65,"Cys",0.05,66.2,133.0218,4
"sample_32","KO",36,3.94,2.01,7.93,"Cys",0.05,78.9,158.5488,4
"sample_33","WT",39,3.45,2.01,6.94,"Cys",0.05,69.1,138.8106,4
"sample_34","KO",39,2.9,2.01,5.82,"Cys",0.05,58,116.4996,4
"sample_35","WT",42,3.25,2.01,6.54,"Cys",0.05,65.1,130.7706,4
"sample_36","KO",42,2.71,2.01,5.44,"Cys",0.05,54.1,108.7812,4
"sample_37","WT",45,2.74,2.01,5.51,"Cys",0.05,54.9,110.2686,4
"sample_38","KO",45,2.66,2.01,5.34,"Cys",0.05,53.1,106.8114,4
"sample_39","WT",48,2.08,2.01,4.19,"Cys",0.05,41.7,83.7768,4
"sample_40","KO",48,2.66,2.01,5.34,"Cys",0.05,53.2,106.8918,4
"sample_1","WT",36,7.43,4.02,29.9,"Lys",0.05,149,597.5328,1
"sample_2","KO",36,7.8,4.02,31.4,"Lys",0.05,156,627.0396,1
"sample_3","WT",39,8.87,4.02,35.7,"Lys",0.05,177,713.148,1
"sample_4","KO",39,8.38,4.02,33.7,"Lys",0.05,168,673.6716,1
"sample_5","WT",42,7.75,4.02,31.2,"Lys",0.05,155,623.1,1
"sample_6","KO",42,7.35,4.02,29.5,"Lys",0.05,147,590.538,1
"sample_7","WT",45,7.28,4.02,29.3,"Lys",0.05,146,585.6336,1
"sample_8","KO",45,7.57,4.02,30.4,"Lys",0.05,151,608.3868,1
"sample_9","WT",48,7.32,4.02,29.4,"Lys",0.05,146,588.4476,1
"sample_10","KO",48,7.09,4.02,28.5,"Lys",0.05,142,570.2772,1
"sample_11","WT",36,6.24,4.02,25.1,"Lys",0.05,125,501.6156,2
"sample_12","KO",36,7.45,4.02,29.9,"Lys",0.05,149,598.6584,2
"sample_13","WT",39,6.57,4.02,26.4,"Lys",0.05,131,528.5496,2
"sample_14","KO",39,8.49,4.02,34.1,"Lys",0.05,170,682.8372,2
"sample_15","WT",42,6.53,4.02,26.3,"Lys",0.05,131,525.012,2
"sample_16","KO",42,7.51,4.02,30.2,"Lys",0.05,150,604.1256,2
"sample_17","WT",45,6.71,4.02,27,"Lys",0.05,134,539.4036,2
"sample_18","KO",45,6.89,4.02,27.7,"Lys",0.05,138,554.0364,2
"sample_19","WT",48,6.86,4.02,27.6,"Lys",0.05,137,551.3028,2
"sample_20","KO",48,7.65,4.02,30.8,"Lys",0.05,153,615.2208,2
"sample_21","WT",36,6.7,4.02,26.9,"Lys",0.05,134,538.9212,3
"sample_23","WT",39,7.03,4.02,28.2,"Lys",0.05,141,564.8904,3
"sample_24","KO",39,7.1,4.02,28.6,"Lys",0.05,142,571.1616,3
"sample_25","WT",42,6.72,4.02,27,"Lys",0.05,134,540.4488,3
"sample_26","KO",42,7.01,4.02,28.2,"Lys",0.05,140,563.604,3
"sample_27","WT",45,6.94,4.02,27.9,"Lys",0.05,139,557.976,3
"sample_28","KO",45,7.69,4.02,30.9,"Lys",0.05,154,618.1152,3
"sample_29","WT",48,6.03,4.02,24.2,"Lys",0.05,121,484.5708,3
"sample_30","KO",48,7.09,4.02,28.5,"Lys",0.05,142,569.7948,3
"sample_31","WT",36,6.94,4.02,27.9,"Lys",0.05,139,558.0564,4
"sample_32","KO",36,7.49,4.02,30.1,"Lys",0.05,150,602.2764,4
"sample_33","WT",39,7.62,4.02,30.6,"Lys",0.05,152,612.4068,4
"sample_34","KO",39,6.2,4.02,24.9,"Lys",0.05,124,498.7212,4
"sample_35","WT",42,7.64,4.02,30.7,"Lys",0.05,153,614.4972,4
"sample_36","KO",42,7.39,4.02,29.7,"Lys",0.05,148,594.3972,4
"sample_37","WT",45,5.59,4.02,22.5,"Lys",0.05,112,449.7576,4
"sample_38","KO",45,5.97,4.02,24,"Lys",0.05,119,480.2292,4
"sample_39","WT",48,4.66,4.02,18.7,"Lys",0.05,93.2,374.7444,4
"sample_40","KO",48,6.15,4.02,24.7,"Lys",0.05,123,494.7012,4
"sample_1","WT",36,4.57,5.13,23.5,"Val",0.05,91.5,469.2924,1
"sample_2","KO",36,4.9,5.13,25.1,"Val",0.05,97.9,502.4322,1
"sample_3","WT",39,4.48,5.13,23,"Val",0.05,89.6,459.5454,1
"sample_4","KO",39,5.02,5.13,25.7,"Val",0.05,100,514.7442,1
"sample_5","WT",42,4.53,5.13,23.2,"Val",0.05,90.6,464.6754,1
"sample_6","KO",42,4.13,5.13,21.2,"Val",0.05,82.7,424.1484,1
"sample_7","WT",45,4.15,5.13,21.3,"Val",0.05,82.9,425.277,1
"sample_8","KO",45,4.45,5.13,22.8,"Val",0.05,89,456.7752,1
"sample_9","WT",48,3.98,5.13,20.4,"Val",0.05,79.6,408.1428,1
"sample_10","KO",48,4.39,5.13,22.5,"Val",0.05,87.7,450.0036,1
"sample_11","WT",36,4.02,5.13,20.6,"Val",0.05,80.4,412.6572,2
"sample_12","KO",36,4.66,5.13,23.9,"Val",0.05,93.1,477.8082,2
"sample_13","WT",39,4.89,5.13,25.1,"Val",0.05,97.8,501.5088,2
"sample_14","KO",39,5.25,5.13,26.9,"Val",0.05,105,538.137,2
"sample_15","WT",42,4.47,5.13,23,"Val",0.05,89.5,459.0324,2
"sample_16","KO",42,5.24,5.13,26.9,"Val",0.05,105,537.2136,2
"sample_17","WT",45,4.85,5.13,24.9,"Val",0.05,96.9,497.097,2
"sample_18","KO",45,4.54,5.13,23.3,"Val",0.05,90.8,465.7014,2
"sample_19","WT",48,4.68,5.13,24,"Val",0.05,93.6,479.9628,2
"sample_20","KO",48,4.76,5.13,24.4,"Val",0.05,95.1,488.0682,2
"sample_21","WT",36,4.71,5.13,24.2,"Val",0.05,94.2,483.0408,3
"sample_23","WT",39,4.91,5.13,25.2,"Val",0.05,98.2,503.5608,3
"sample_24","KO",39,5.25,5.13,26.9,"Val",0.05,105,538.9578,3
"sample_25","WT",42,4.94,5.13,25.3,"Val",0.05,98.8,506.9466,3
"sample_26","KO",42,4.93,5.13,25.3,"Val",0.05,98.7,506.1258,3
"sample_27","WT",45,4.89,5.13,25.1,"Val",0.05,97.9,502.1244,3
"sample_28","KO",45,5.27,5.13,27,"Val",0.05,105,540.5994,3
"sample_29","WT",48,4.95,5.13,25.4,"Val",0.05,99,507.6648,3
"sample_30","KO",48,4.94,5.13,25.3,"Val",0.05,98.8,506.844,3
"sample_31","WT",36,5.4,5.13,27.7,"Val",0.05,108,553.8348,4
"sample_32","KO",36,5.67,5.13,29.1,"Val",0.05,113,581.742,4
"sample_33","WT",39,5.62,5.13,28.8,"Val",0.05,112,576.9198,4
"sample_34","KO",39,5.16,5.13,26.4,"Val",0.05,103,528.903,4
"sample_35","WT",42,5.2,5.13,26.7,"Val",0.05,104,533.52,4
"sample_36","KO",42,5.62,5.13,28.8,"Val",0.05,112,576.3042,4
"sample_37","WT",45,4.22,5.13,21.6,"Val",0.05,84.3,432.5616,4
"sample_38","KO",45,4.43,5.13,22.7,"Val",0.05,88.6,454.4154,4
"sample_39","WT",48,3.61,5.13,18.5,"Val",0.05,72.1,369.873,4
"sample_40","KO",48,3.97,5.13,20.3,"Val",0.05,79.3,406.9116,4
"sample_1","WT",36,2.73,4.74,12.9,"Met",0.05,54.6,258.804,1
"sample_2","KO",36,2.72,4.74,12.9,"Met",0.05,54.4,257.6664,1
"sample_3","WT",39,2.52,4.74,11.9,"Met",0.05,50.4,238.7064,1
"sample_4","KO",39,2.88,4.74,13.7,"Met",0.05,57.7,273.3084,1
"sample_5","WT",42,2.75,4.74,13.1,"Met",0.05,55.1,261.0792,1
"sample_6","KO",42,2.74,4.74,13,"Met",0.05,54.8,259.6572,1
"sample_7","WT",45,2.4,4.74,11.4,"Met",0.05,48,227.4252,1
"sample_8","KO",45,2.89,4.74,13.7,"Met",0.05,57.8,273.7824,1
"sample_9","WT",48,2.43,4.74,11.5,"Met",0.05,48.5,229.89,1
"sample_10","KO",48,2.65,4.74,12.6,"Met",0.05,53,251.3148,1
"sample_11","WT",36,2.63,4.74,12.5,"Met",0.05,52.5,249.0396,2
"sample_12","KO",36,2.71,4.74,12.8,"Met",0.05,54.1,256.6236,2
"sample_13","WT",39,2.62,4.74,12.4,"Met",0.05,52.3,247.9968,2
"sample_14","KO",39,2.89,4.74,13.7,"Met",0.05,57.8,273.8772,2
"sample_15","WT",42,2.58,4.74,12.2,"Met",0.05,51.6,244.3944,2
"sample_16","KO",42,2.85,4.74,13.5,"Met",0.05,57,269.9904,2
"sample_17","WT",45,2.58,4.74,12.2,"Met",0.05,51.6,244.7736,2
"sample_18","KO",45,2.47,4.74,11.7,"Met",0.05,49.4,233.9664,2
"sample_19","WT",48,2.38,4.74,11.3,"Met",0.05,47.6,225.5292,2
"sample_20","KO",48,2.71,4.74,12.9,"Met",0.05,54.2,257.0028,2
"sample_21","WT",36,2.63,4.74,12.5,"Met",0.05,52.6,249.324,3
"sample_23","WT",39,2.61,4.74,12.4,"Met",0.05,52.1,247.1436,3
"sample_24","KO",39,2.89,4.74,13.7,"Met",0.05,57.8,274.0668,3
"sample_25","WT",42,2.65,4.74,12.5,"Met",0.05,52.9,250.9356,3
"sample_26","KO",42,2.52,4.74,11.9,"Met",0.05,50.4,238.896,3
"sample_27","WT",45,2.29,4.74,10.9,"Met",0.05,45.8,217.2816,3
"sample_28","KO",45,2.68,4.74,12.7,"Met",0.05,53.7,254.3484,3
"sample_29","WT",48,2.64,4.74,12.5,"Met",0.05,52.9,250.6512,3
"sample_30","KO",48,2.53,4.74,12,"Met",0.05,50.7,240.1284,3
"sample_31","WT",36,2.65,4.74,12.5,"Met",0.05,52.9,250.9356,4
"sample_32","KO",36,3.09,4.74,14.6,"Met",0.05,61.7,292.5528,4
"sample_33","WT",39,2.63,4.74,12.4,"Met",0.05,52.5,248.85,4
"sample_34","KO",39,2.46,4.74,11.7,"Met",0.05,49.2,233.208,4
"sample_35","WT",42,2.61,4.74,12.4,"Met",0.05,52.3,247.8072,4
"sample_36","KO",42,2.95,4.74,14,"Met",0.05,59.1,280.0392,4
"sample_37","WT",45,2.13,4.74,10.1,"Met",0.05,42.7,202.3032,4
"sample_38","KO",45,2.38,4.74,11.3,"Met",0.05,47.5,225.3396,4
"sample_39","WT",48,1.8,4.74,8.53,"Met",0.05,36,170.5452,4
"sample_40","KO",48,2.36,4.74,11.2,"Met",0.05,47.3,224.0124,4
"sample_1","WT",36,2.69,4.77,12.8,"Tyr",0.05,53.8,256.4352,1
"sample_2","KO",36,2.83,4.77,13.5,"Tyr",0.05,56.6,269.8866,1
"sample_3","WT",39,2.54,4.77,12.1,"Tyr",0.05,50.9,242.6976,1
"sample_4","KO",39,2.72,4.77,13,"Tyr",0.05,54.4,259.5834,1
"sample_5","WT",42,2.64,4.77,12.6,"Tyr",0.05,52.9,252.2376,1
"sample_6","KO",42,2.6,4.77,12.4,"Tyr",0.05,52,248.04,1
"sample_7","WT",45,2.46,4.77,11.7,"Tyr",0.05,49.2,234.684,1
"sample_8","KO",45,2.58,4.77,12.3,"Tyr",0.05,51.6,246.0366,1
"sample_9","WT",48,2.49,4.77,11.9,"Tyr",0.05,49.8,237.546,1
"sample_10","KO",48,2.71,4.77,12.9,"Tyr",0.05,54.2,258.3432,1
"sample_11","WT",36,2.38,4.77,11.3,"Tyr",0.05,47.5,226.575,2
"sample_12","KO",36,2.57,4.77,12.2,"Tyr",0.05,51.3,244.8918,2
"sample_13","WT",39,2.6,4.77,12.4,"Tyr",0.05,51.9,247.7538,2
"sample_14","KO",39,2.99,4.77,14.3,"Tyr",0.05,59.9,285.5322,2
"sample_15","WT",42,2.5,4.77,11.9,"Tyr",0.05,50,238.4046,2
"sample_16","KO",42,2.47,4.77,11.8,"Tyr",0.05,49.4,235.5426,2
"sample_17","WT",45,2.62,4.77,12.5,"Tyr",0.05,52.3,249.5664,2
"sample_18","KO",45,2.45,4.77,11.7,"Tyr",0.05,49,233.6346,2
"sample_19","WT",48,2.6,4.77,12.4,"Tyr",0.05,52,248.04,2
"sample_20","KO",48,2.64,4.77,12.6,"Tyr",0.05,52.8,251.6652,2
"sample_21","WT",36,2.51,4.77,12,"Tyr",0.05,50.1,239.1678,3
"sample_23","WT",39,2.56,4.77,12.2,"Tyr",0.05,51.2,244.224,3
"sample_24","KO",39,2.64,4.77,12.6,"Tyr",0.05,52.7,251.5698,3
"sample_25","WT",42,2.59,4.77,12.3,"Tyr",0.05,51.8,246.8952,3
"sample_26","KO",42,2.39,4.77,11.4,"Tyr",0.05,47.7,227.7198,3
"sample_27","WT",45,2.5,4.77,11.9,"Tyr",0.05,49.9,238.023,3
"sample_28","KO",45,2.74,4.77,13.1,"Tyr",0.05,54.8,261.3006,3
"sample_29","WT",48,2.5,4.77,11.9,"Tyr",0.05,50.1,238.7862,3
"sample_30","KO",48,2.52,4.77,12,"Tyr",0.05,50.4,240.3126,3
"sample_31","WT",36,2.62,4.77,12.5,"Tyr",0.05,52.5,250.2342,4
"sample_32","KO",36,2.89,4.77,13.8,"Tyr",0.05,57.9,276.0876,4
"sample_33","WT",39,2.45,4.77,11.7,"Tyr",0.05,49,233.6346,4
"sample_34","KO",39,2.68,4.77,12.8,"Tyr",0.05,53.6,255.5766,4
"sample_35","WT",42,2.68,4.77,12.8,"Tyr",0.05,53.7,256.0536,4
"sample_36","KO",42,2.87,4.77,13.7,"Tyr",0.05,57.3,273.4164,4
"sample_37","WT",45,2.03,4.77,9.7,"Tyr",0.05,40.7,193.9482,4
"sample_38","KO",45,2.2,4.77,10.5,"Tyr",0.05,44,209.9754,4
"sample_39","WT",48,1.78,4.77,8.51,"Tyr",0.05,35.7,170.1936,4
"sample_40","KO",48,2.12,4.77,10.1,"Tyr",0.05,42.5,202.5342,4
"sample_1","WT",36,2.69,4.64,12.5,"Phe",0.05,53.9,250.0032,1
"sample_2","KO",36,2.72,4.64,12.6,"Phe",0.05,54.3,251.952,1
"sample_3","WT",39,2.58,4.64,12,"Phe",0.05,51.7,239.7952,1
"sample_4","KO",39,2.7,4.64,12.5,"Phe",0.05,54,250.4672,1
"sample_5","WT",42,2.73,4.64,12.7,"Phe",0.05,54.7,253.6224,1
"sample_6","KO",42,2.41,4.64,11.2,"Phe",0.05,48.1,223.3696,1
"sample_7","WT",45,2.5,4.64,11.6,"Phe",0.05,50,231.9072,1
"sample_8","KO",45,2.66,4.64,12.4,"Phe",0.05,53.3,247.2192,1
"sample_9","WT",48,2.5,4.64,11.6,"Phe",0.05,50.1,232.2784,1
"sample_10","KO",48,2.63,4.64,12.2,"Phe",0.05,52.6,243.9712,1
"sample_11","WT",36,2.36,4.64,11,"Phe",0.05,47.2,219.1936,2
"sample_12","KO",36,2.56,4.64,11.9,"Phe",0.05,51.3,237.8464,2
"sample_13","WT",39,2.65,4.64,12.3,"Phe",0.05,52.9,245.456,2
"sample_14","KO",39,2.82,4.64,13.1,"Phe",0.05,56.5,261.9744,2
"sample_15","WT",42,2.51,4.64,11.7,"Phe",0.05,50.3,233.2992,2
"sample_16","KO",42,2.77,4.64,12.9,"Phe",0.05,55.5,257.3344,2
"sample_17","WT",45,2.57,4.64,11.9,"Phe",0.05,51.3,238.2176,2
"sample_18","KO",45,2.51,4.64,11.6,"Phe",0.05,50.2,232.8352,2
"sample_19","WT",48,2.47,4.64,11.5,"Phe",0.05,49.4,229.4016,2
"sample_20","KO",48,2.68,4.64,12.4,"Phe",0.05,53.5,248.24,2
"sample_21","WT",36,2.54,4.64,11.8,"Phe",0.05,50.9,235.9904,3
"sample_23","WT",39,2.64,4.64,12.2,"Phe",0.05,52.8,244.992,3
"sample_24","KO",39,2.73,4.64,12.7,"Phe",0.05,54.5,253.0656,3
"sample_25","WT",42,2.62,4.64,12.2,"Phe",0.05,52.5,243.5072,3
"sample_26","KO",42,2.45,4.64,11.4,"Phe",0.05,49,227.36,3
"sample_27","WT",45,2.46,4.64,11.4,"Phe",0.05,49.1,227.9168,3
"sample_28","KO",45,2.73,4.64,12.7,"Phe",0.05,54.6,253.5296,3
"sample_29","WT",48,2.5,4.64,11.6,"Phe",0.05,50,232.1856,3
"sample_30","KO",48,2.49,4.64,11.6,"Phe",0.05,49.9,231.4432,3
"sample_31","WT",36,2.58,4.64,12,"Phe",0.05,51.6,239.424,4
"sample_32","KO",36,2.91,4.64,13.5,"Phe",0.05,58.2,270.1408,4
"sample_33","WT",39,2.59,4.64,12,"Phe",0.05,51.9,240.7232,4
"sample_34","KO",39,2.53,4.64,11.7,"Phe",0.05,50.6,234.9696,4
"sample_35","WT",42,2.58,4.64,12,"Phe",0.05,51.6,239.3312,4
"sample_36","KO",42,2.82,4.64,13.1,"Phe",0.05,56.4,261.7888,4
"sample_37","WT",45,2.16,4.64,10,"Phe",0.05,43.2,200.6336,4
"sample_38","KO",45,2.26,4.64,10.5,"Phe",0.05,45.2,209.5424,4
"sample_39","WT",48,1.75,4.64,8.13,"Phe",0.05,35,162.5856,4
"sample_40","KO",48,2.01,4.64,9.31,"Phe",0.05,40.1,186.1568,4
"sample_1","WT",36,0.518,4.01,2.08,"Trp",0.05,10.4,41.52756,1
"sample_2","KO",36,0.534,4.01,2.14,"Trp",0.05,10.7,42.85086,1
"sample_3","WT",39,0.508,4.01,2.04,"Trp",0.05,10.2,40.76566,1
"sample_4","KO",39,0.524,4.01,2.1,"Trp",0.05,10.5,42.00074,1
"sample_5","WT",42,0.519,4.01,2.08,"Trp",0.05,10.4,41.59172,1
"sample_6","KO",42,0.481,4.01,1.93,"Trp",0.05,9.61,38.54412,1
"sample_7","WT",45,0.445,4.01,1.79,"Trp",0.05,8.91,35.72108,1
"sample_8","KO",45,0.505,4.01,2.03,"Trp",0.05,10.1,40.501,1
"sample_9","WT",48,0.458,4.01,1.84,"Trp",0.05,9.15,36.70754,1
"sample_10","KO",48,0.503,4.01,2.02,"Trp",0.05,10.1,40.3005,1
"sample_11","WT",36,0.456,4.01,1.83,"Trp",0.05,9.11,36.54714,2
"sample_12","KO",36,0.478,4.01,1.92,"Trp",0.05,9.56,38.34362,2
"sample_13","WT",39,0.466,4.01,1.87,"Trp",0.05,9.32,37.38924,2
"sample_14","KO",39,0.549,4.01,2.2,"Trp",0.05,11,43.99772,2
"sample_15","WT",42,0.451,4.01,1.81,"Trp",0.05,9.01,36.1301,2
"sample_16","KO",42,0.503,4.01,2.02,"Trp",0.05,10.1,40.35664,2
"sample_17","WT",45,0.465,4.01,1.86,"Trp",0.05,9.3,37.27696,2
"sample_18","KO",45,0.448,4.01,1.8,"Trp",0.05,8.96,35.93762,2
"sample_19","WT",48,0.429,4.01,1.72,"Trp",0.05,8.59,34.43788,2
"sample_20","KO",48,0.484,4.01,1.94,"Trp",0.05,9.67,38.78472,2
"sample_21","WT",36,0.453,4.01,1.82,"Trp",0.05,9.06,36.34664,3
"sample_23","WT",39,0.483,4.01,1.94,"Trp",0.05,9.66,38.72858,3
"sample_24","KO",39,0.516,4.01,2.07,"Trp",0.05,10.3,41.37518,3
"sample_25","WT",42,0.464,4.01,1.86,"Trp",0.05,9.27,37.18072,3
"sample_26","KO",42,0.465,4.01,1.87,"Trp",0.05,9.31,37.32508,3
"sample_27","WT",45,0.434,4.01,1.74,"Trp",0.05,8.69,34.83086,3
"sample_28","KO",45,0.492,4.01,1.97,"Trp",0.05,9.84,39.46642,3
"sample_29","WT",48,0.442,4.01,1.77,"Trp",0.05,8.85,35.47246,3
"sample_30","KO",48,0.477,4.01,1.91,"Trp",0.05,9.53,38.22332,3
"sample_31","WT",36,0.485,4.01,1.94,"Trp",0.05,9.7,38.88898,4
"sample_32","KO",36,0.544,4.01,2.18,"Trp",0.05,10.9,43.61276,4
"sample_33","WT",39,0.488,4.01,1.96,"Trp",0.05,9.76,39.14562,4
"sample_34","KO",39,0.45,4.01,1.8,"Trp",0.05,8.99,36.0499,4
"sample_35","WT",42,0.464,4.01,1.86,"Trp",0.05,9.28,37.2128,4
"sample_36","KO",42,0.536,4.01,2.15,"Trp",0.05,10.7,43.01928,4
"sample_37","WT",45,0.397,4.01,1.59,"Trp",0.05,7.93,31.7993,4
"sample_38","KO",45,0.441,4.01,1.77,"Trp",0.05,8.81,35.34414,4
"sample_39","WT",48,0.315,4.01,1.26,"Trp",0.05,6.3,25.25498,4
"sample_40","KO",48,0.379,4.01,1.52,"Trp",0.05,7.58,30.40382,4
