sample_id,condition,timepoint,replicate,glucose,lactate
1,WT,36,1,2.368,0.697
2,KO,36,1,2.403,0.287
3,WT,39,1,2.31,0.809
4,KO,39,1,2.693,0.357
5,WT,42,1,2.205,0.899
6,KO,42,1,2.701,0.404
7,WT,45,1,2.171,1.121
8,KO,45,1,2.566,0.421
9,WT,48,1,1.967,1.238
10,KO,48,1,2.644,0.473
11,WT,36,2,2.427,0.66
12,KO,36,2,2.692,0.269
13,WT,39,2,2.203,0.718
14,KO,39,2,2.604,0.293
15,WT,42,2,2.423,0.918
16,KO,42,2,2.685,0.334
17,WT,45,2,2.492,1.146
18,KO,45,2,2.536,0.347
19,WT,48,2,2.083,1.156
20,KO,48,2,2.5,0.381
21,WT,36,3,2.537,0.724
22,KO,36,3,2.656,0.332
23,WT,39,3,2.192,0.81
24,KO,39,3,2.556,0.35
25,WT,42,3,2.062,0.914
26,KO,42,3,2.595,0.415
27,WT,45,3,2.052,1.07
28,KO,45,3,2.584,0.461
29,WT,48,3,2.094,1.273
30,KO,48,3,2.409,0.468
31,WT,36,4,2.436,0.676
32,KO,36,4,2.576,0.255
33,WT,39,4,2.27,0.77
34,KO,39,4,2.565,0.295
35,WT,42,4,2.078,0.903
36,KO,42,4,2.275,0.297
37,WT,45,4,2.412,1.157
38,KO,45,4,2.36,0.341
39,WT,48,4,1.878,1.175
40,KO,48,4,2.478,0.391
