compound,replicate,keep_manual_inspection
Ala,1,y
Ala,2,y
Ala,3,y
Ala,4,n
Arg,1,n
Arg,2,n
Arg,3,n
Arg,4,n
Asn,1,y
Asn,2,y
Asn,3,y
Asn,4,y
Asp,1,y
Asp,2,y
Asp,3,y
Asp,4,y
Cys,1,n
Cys,2,n
Cys,3,n
Cys,4,n
glucose,1,y
glucose,2,n
glucose,3,y
glucose,4,y
Gln,1,n
Gln,2,n
Gln,3,y
Gln,4,y
Glu,1,y
Glu,2,y
Glu,3,y
Glu,4,y
Gly,1,n
Gly,2,y
Gly,3,n
Gly,4,n
His,1,n
His,2,n
His,3,n
His,4,n
lactate,1,y
lactate,2,y
lactate,3,y
lactate,4,y
Lys,1,n
Lys,2,n
Lys,3,n
Lys,4,n
Met,1,y
Met,2,y
Met,3,y
Met,4,n
Phe,1,y
Phe,2,n
Phe,3,y
Phe,4,y
Pro,1,y
Pro,2,y
Pro,3,y
Pro,4,n
Ser,1,y
Ser,2,n
Ser,3,y
Ser,4,y
Thr,1,n
Thr,2,n
Thr,3,n
Thr,4,n
Trp,1,y
Trp,2,y
Trp,3,y
Trp,4,y
Tyr,1,y
Tyr,2,n
Tyr,3,y
Tyr,4,n
Val,1,y
Val,2,n
Val,3,n
Val,4,y
